Data,ING,MBANK,PEKAO,PKO,SANTANDER
2014-12-05,0.8683858157140151,1.5839540155440412,1.2161767118133706,1.3046403887098288,1.6437420847782411
2014-12-12,0.8370923389440819,1.5199158031088082,1.1874459193871871,1.2671151938853333,1.5342037038264917
2014-12-19,0.7967850867739175,1.5439604922279793,1.1702547635148939,1.2220870241880635,1.5753446229536456
2014-12-26,0.8191758274057963,1.5759391191709844,1.16440201400928,1.2296209604427064,1.5889090752368764
2015-01-02,0.8102208374973057,1.5679242227979275,1.1472218343290161,1.2371548966973491,1.5753446229536456
2015-01-09,0.8191758274057963,1.5839540155440412,1.1358273274252964,1.2521402055216528,1.3012392502171506
2015-01-16,0.8012658475888151,1.4159650259067358,1.1070928762684362,1.1471398391453007,1.4656454511096229
2015-01-23,0.8012658475888151,1.4639734455958548,1.1530075071055599,1.1471398391453007,1.5479140282594137
2015-01-30,0.7922586039098882,1.471988341968912,1.1530075071055599,1.1921164065394567,1.452076025912198
2015-02-06,0.7922586039098882,1.3599417098445594,1.2275651208326297,1.1622077116545866,1.5204900641174404
2015-02-13,0.7922586039098882,1.3279630829015543,1.1816602466106434,1.1396781461150174,1.5616260103304003
2015-02-20,0.7654981417252888,1.3279630829015543,1.1587163465378956,1.1321442098603742,1.6574839043343919
2015-02-27,0.7564843663250576,1.3999352331606216,1.16440201400928,1.1321442098603742,1.6163363546549792
2015-03-06,0.7475816301870031,1.3519268134715026,1.1587163465378956,1.1771207772545305,1.6163363546549792
2015-03-13,0.7610108491890868,1.3439928756476682,1.1758843304492372,1.1921164065394567,1.6026193996697984
2015-03-20,0.7610108491890868,1.4079501295336787,1.1874459193871871,1.2146253311577802,1.671346731469264
2015-03-27,0.7564843663250576,1.3359779792746111,1.1530075071055599,1.1396781461150174,1.726015634842226
2015-04-03,0.7475816301870031,1.3439928756476682,1.1530075071055599,1.1546737753999434,1.767058753323564
2015-04-10,0.8102208374973057,1.3999352331606216,1.1702547635148939,1.1546737753999434,1.726015634842226
2015-04-17,0.8191235736353601,1.4319138601036268,1.1874459193871871,1.2220870241880635,1.6300417061737071
2015-04-24,0.8053285782402236,1.4959520725388602,1.2104007956519645,1.2220870241880635,1.6163363546549792
2015-05-01,0.8145970907713309,1.3679566062176165,1.1758843304492372,1.2220870241880635,1.4382214869676495
2015-05-08,0.8559820769567403,1.4239799222797926,1.2161767118133706,1.2821108231702596,1.4382214869676495
2015-05-15,0.8789867993912436,1.4079501295336787,1.1816602466106434,1.1771207772545305,1.4246520617702247
2015-05-22,0.8467723499173737,1.3439928756476682,1.1816602466106434,1.1846547135091732,1.4382214869676495
2015-05-29,0.8513510865518389,1.3279630829015543,1.141536166857632,1.0871882833874642,1.3972280976282514
2015-06-05,0.8145970907713309,1.3279630829015543,1.118636171553003,1.0796543471328213,1.4109384220611734
2015-06-12,0.8099138465959934,1.287969559585492,1.1127907395087422,1.0871882833874642,1.3836586724308269
2015-06-19,0.7547338650154474,1.223931347150259,1.1109260064405857,1.0271490037143338,1.3698008182101487
2015-06-26,0.7547338650154474,1.207982512953368,1.159441994788748,1.0421394727689484,1.4656454511096229
2015-07-03,0.7547338650154474,1.1679889896373057,1.1229705478278422,0.9971752899275399,1.452076025912198
2015-07-10,0.7178818934153717,1.1519591968911918,1.068506682976475,1.0271490037143338,1.3698008182101487
2015-07-17,0.7133031567809065,1.1359294041450776,1.104803730441798,1.034688100199288,1.4246520617702247
2015-07-24,0.671918170595497,1.0719721502590673,1.0380575067091973,0.9746457243879709,1.3972280976282514
2015-07-31,0.7363536012645413,1.1119656735751293,1.031944987325547,0.9672758834572304,1.3560904937772267
2015-08-14,0.8329773545222372,1.0479274611398963,1.159441994788748,0.9147777643611789,1.3012392502171506
2015-08-21,0.8145970907713309,1.0079339378238341,1.1472998872501163,0.9296908299611228,1.2465355364448303
2015-08-28,0.7915923683368279,1.0719721502590673,1.153420943672012,0.9597429792486498,1.2329644536093411
2015-09-04,0.7685288604105839,1.0799870466321244,1.1472998872501163,0.9597429792486498,1.1232669394033827
2015-09-11,0.7731663825367899,1.1119656735751293,1.1837823104030518,0.982187917011112,1.164402885616343
2015-09-18,0.7639435920548141,1.1039507772020725,1.159441994788748,0.9971752899275399,1.164402885616343
2015-09-25,0.7408931475711794,1.039993523316062,1.135257785016644,0.9446761387854262,1.0958396599852802
2015-10-02,0.7501485966596777,1.039993523316062,1.0928421202832101,0.9446761387854262,0.9862863602909486
2015-10-09,0.8007498416057584,1.1359294041450776,1.104803730441798,1.019704855467109,1.1505466890337297
2015-10-16,0.8007498416057584,1.1359294041450776,1.104803730441798,1.0047081941361207,1.164402885616343
2015-10-23,0.7961253829221615,1.1279954663212435,1.1169470575573217,0.982187917011112,1.136980579112434
2015-10-30,0.7593126016499129,1.0319786269430051,1.080547565633055,0.9372237341697034,1.1505466890337297
2015-11-06,0.7178818934153717,0.991985103626943,1.050180101017554,0.9221568937064798,1.164402885616343
2015-11-13,0.6948706392595639,0.9359617875647667,0.9894537088247973,0.8697258576044766,1.205396274955741
2015-11-20,0.6902919026250988,0.9600064766839377,0.9894537088247973,0.8771937429111336,1.1916842928847544
2015-11-27,0.6672871801905955,0.8639896373056993,0.9712978676307829,0.8397573040479942,1.205396274955741
2015-12-04,0.6626496580643897,0.8399449481865285,0.9410133342439507,0.8097784300308891,1.205396274955741
2015-12-11,0.6534856530741546,0.8639896373056993,0.9531517830519058,0.8022465578683707,1.136980579112434
2015-12-18,0.6626496580643897,0.8959682642487046,1.044159049900818,0.8547415808262353,1.0409917317013333
2015-12-25,0.7040868980202352,0.9279468911917099,1.0199041046689672,0.8622796452651275,1.05470371377232
2016-01-01,0.6810233900939915,0.8959682642487046,1.0016628930924996,0.8622796452651275,1.0684156958433069
2016-01-08,0.671918170595497,0.8320110103626943,0.9227038263615205,0.7947910571144611,0.9314367743689371
2016-01-15,0.6672871801905955,0.8159812176165803,0.9531517830519058,0.7572803109348376,0.9177264499360152
2016-01-22,0.6028948588821612,0.8159812176165803,0.9166766773603234,0.7572803109348376,0.9314367743689371
2016-01-29,0.6350655458232908,0.8959682642487046,0.9531517830519058,0.7797231846051752,0.9177264499360152
2016-02-05,0.6442765792069184,0.8959682642487046,0.9894537088247973,0.7648121830973559,0.8628768640140037
2016-02-12,0.6074742486887569,0.8959682642487046,0.9652792556678312,0.7797231846051752,0.7807442131855162
2016-02-19,0.6442765792069184,0.9359617875647667,1.0259251557857034,0.7947910571144611,0.8355937991075275
2016-02-26,0.6581231752003605,0.9199319948186528,1.031944987325547,0.7872571208598182,0.8220243739101029
2016-03-04,0.6857131659906335,0.9279468911917099,1.062394163592825,0.8173133983315942,0.9177264499360152
2016-03-11,0.6764969072299623,0.9679404145077719,1.068506682976475,0.8472138368479663,0.9588607385109106
2016-03-18,0.6902919026250988,0.9439766839378237,1.0928421202832101,0.8472138368479663,1.0
2016-03-25,0.6902919026250988,0.9519915803108807,1.080547565633055,0.8097784300308891,0.9725727205818971
2016-04-01,0.6672871801905955,0.9359617875647667,1.104803730441798,0.8472138368479663,0.8628768640140037
2016-04-08,0.6581231752003605,0.9279468911917099,1.0380575067091973,0.832222335747289,0.8493074388165791
2016-04-15,0.7040868980202352,0.9279468911917099,1.0562926204012042,0.8097784300308891,0.9040111525888991
2016-04-22,0.7100568912925622,0.8959682642487046,1.0744460224414345,0.7872571208598182,1.013710324432922
2016-04-29,0.7053213933467886,0.8639896373056993,1.050180101017554,0.7497453426341324,1.0409917317013333
2016-05-06,0.7005858954010149,0.8639896373056993,1.044159049900818,0.7648121830973559,0.9040111525888991
2016-05-13,0.6814936740279166,0.8320110103626943,1.0016628930924996,0.7123140640013045,0.9588607385109106
2016-05-20,0.6957981436848053,0.8159812176165803,0.9773250166319799,0.7123140640013045,0.9452913133134858
2016-05-27,0.7196323947249819,0.8639896373056993,1.0138013419004546,0.7497453426341324,0.8904417273914743
2016-06-03,0.6957981436848053,0.8559747409326424,0.9712978676307829,0.7198480002559474,0.9725727205818971
2016-06-10,0.7100568912925622,0.8079663212435233,0.9652792556678312,0.7123140640013045,0.9040111525888991
2016-06-17,0.7196323947249819,0.8159812176165803,0.9773250166319799,0.7198480002559474,0.9314367743689371
2016-06-24,0.714844643008772,0.8159812176165803,0.9607924322814686,0.7422908739262851,0.8220243739101029
2016-07-01,0.7387246160980804,0.8159812176165803,0.9479380918377986,0.7047790957005993,0.7807442131855162
2016-07-08,0.7244201464411917,0.8239961139896372,0.9028356992108728,0.6897917227841712,0.7533185914054781
2016-07-15,0.7244201464411917,0.8239961139896372,0.8963243781834769,0.7198480002559474,0.8628768640140037
2016-07-22,0.7387246160980804,0.8320110103626943,0.9092714064709531,0.7347579697177044,0.8628768640140037
2016-07-29,0.7720233313084996,0.8079663212435233,0.870596184065862,0.7198480002559474,0.8628768640140037
2016-08-05,0.8006453340648861,0.9359617875647667,0.9544469737114103,0.832222335747289,0.8081681773274896
2016-08-12,0.8292673368212725,0.983970207253886,0.9995408293000909,0.832222335747289,0.8628768640140037
2016-08-19,0.8196983651101575,0.9679404145077719,0.9672269199646567,0.7797231846051752,0.8220243739101029
2016-08-26,0.8483138361452393,0.975955310880829,0.9544469737114103,0.7872571208598182,0.8628768640140037
2016-09-02,0.8530950561401445,1.023963730569948,0.9607924322814686,0.7797231846051752,0.8767297453204878
2016-09-09,0.8006453340648861,0.9519915803108807,0.9544469737114103,0.7872571208598182,0.8493074388165791
2016-09-16,0.8150085892135154,0.9199319948186528,0.9672269199646567,0.7947910571144611,0.9040111525888991
2016-09-23,0.8483138361452393,0.9279468911917099,0.9801715090983486,0.8097784300308891,0.9040111525888991
2016-09-30,0.8483138361452393,0.9039831606217616,0.9415036041546107,0.7722676838512655,0.8355937991075275
2016-10-07,0.8483138361452393,0.9199319948186528,0.9801715090983486,0.7722676838512655,0.8904417273914743
2016-10-14,0.8340028347670462,0.9119980569948186,0.9156973571158958,0.7497453426341324,0.8904417273914743
2016-10-21,0.7911286161242072,0.8879533678756476,0.9222050194126151,0.7722676838512655,0.9452913133134858
2016-10-28,0.8196983651101575,0.9119980569948186,0.9415036041546107,0.8173133983315942,1.0
2016-11-04,0.838790586483256,0.8799384715025906,0.8899691629982811,0.7872571208598182,1.0
2016-11-11,0.838790586483256,0.9119980569948186,0.9286419462495876,0.7797231846051752,1.013710324432922
2016-11-18,0.8101685837268694,0.8720045336787564,0.8834602811246695,0.7347579697177044,0.9725727205818971
2016-11-25,0.8244273313346265,0.8399449481865285,0.8770282325952657,0.7497453426341324,0.9725727205818971
2016-12-02,0.8530950561401445,0.8399449481865285,0.8640860826153582,0.7497453426341324,0.9588607385109106
2016-12-09,0.8625725837529964,0.8959682642487046,0.9156973571158958,0.7947910571144611,1.1096975142059582
2016-12-16,0.9054990561662714,0.8959682642487046,0.9222050194126151,0.8097784300308891,1.164402885616343
2016-12-23,0.8864003030718685,0.8639896373056993,0.9222050194126151,0.8173133983315942,1.1096975142059582
2016-12-30,0.9102868078824812,0.8720045336787564,0.9415036041546107,0.8097784300308891,1.1505466890337297
2017-01-06,0.8912403085585143,0.8959682642487046,0.9865986793201835,0.8622796452651275,1.1505466890337297
2017-01-13,0.9530565189844479,0.9359617875647667,0.9544469737114103,0.8622796452651275,1.1779723108137676
2017-01-20,0.9436377768633368,0.9039831606217616,0.9607924322814686,0.8547415808262353,1.164402885616343
2017-01-27,0.9483732748091105,1.015948834196891,1.0253495154925902,0.899717116174329,1.260247518515817
2017-02-03,1.0246572479245455,1.023963730569948,1.0060594677888401,0.899717116174329,1.2329644536093411
2017-02-10,1.043697215527208,1.1119656735751293,1.0511582016850893,0.9672758834572304,1.1096975142059582
2017-02-17,1.043697215527208,1.0559423575129534,1.0705336197712927,1.012240066298639,1.136980579112434
2017-02-24,1.0818881899947093,1.0559423575129534,1.0446444415039091,0.982187917011112,1.1232669394033827
2017-03-03,1.058008216905401,1.039993523316062,1.0446444415039091,1.0047081941361207,1.1779723108137676
2017-03-10,1.0246572479245455,1.0,0.9995408293000909,0.9372237341697034,1.2329644536093411
2017-03-17,1.0532204651891912,1.039993523316062,1.0253495154925902,0.9672758834572304,1.2465355364448303
2017-03-24,1.0389159955323026,1.023963730569948,0.9995408293000909,0.9372237341697034,1.260247518515817
2017-03-31,1.0199152182574673,0.9679404145077719,0.9738272701051824,0.9221568937064798,1.2465355364448303
2017-04-07,1.0150817444921258,0.991985103626943,1.0060594677888401,0.9597429792486498,1.2465355364448303
2017-04-14,0.9960352451681591,0.983970207253886,0.9801715090983486,0.9221568937064798,1.205396274955741
2017-04-21,1.0199152182574673,1.015948834196891,0.9738272701051824,0.9372237341697034,1.2739561853106744
2017-04-28,1.058008216905401,1.1039507772020725,1.0382184908589662,1.012240066298639,1.3423768540681753
2017-05-05,1.072266964513158,1.1279954663212435,1.0317840031757783,1.0496837294842143,1.3423768540681753
2017-05-12,1.0532204651891912,1.1119656735751293,1.0446444415039091,1.0271490037143338,1.3012392502171506
2017-05-19,1.0389159955323026,1.0880019430051813,1.0124098046664671,0.9971752899275399,1.2739561853106744
2017-05-26,1.0484327134729814,1.0880019430051813,1.0124098046664671,1.012240066298639,1.2465355364448303
2017-06-02,1.058008216905401,1.1279954663212435,0.9801715090983486,1.0047081941361207,1.2739561853106744
2017-06-09,1.0389159955323026,1.1359294041450776,0.9544469737114103,1.0047081941361207,1.2876714826577906
2017-06-16,1.0246572479245455,1.1359294041450776,0.9350764339327757,0.9897208212196926,1.3423768540681753
2017-06-23,1.034180497586529,1.1439443005181347,0.9415036041546107,1.0047081941361207,1.3012392502171506
2017-06-30,1.0484327134729814,1.1759229274611398,0.9673903432682099,0.9672758834572304,1.260247518515817
2017-07-07,1.0484327134729814,1.1599740932642486,0.9673903432682099,0.9746457243879709,1.2739561853106744
2017-07-14,1.0770612479506725,1.207982512953368,1.0089096189858853,0.982187917011112,1.2329644536093411
2017-07-21,1.0865779658913512,1.1679889896373057,0.9950735191440034,1.0047081941361207,1.2465355364448303
2017-07-28,1.1246644328179805,1.0959358808290154,0.9880658303214865,1.034688100199288,1.4382214869676495
2017-08-04,1.0913069321158204,1.0559423575129534,1.0572707210687398,0.9971752899275399,1.3972280976282514
2017-08-11,1.0770612479506725,1.0719721502590673,1.0710275484126293,1.0047081941361207,1.3836586724308269
2017-08-18,1.0913069321158204,1.0319786269430051,1.0226774225218045,0.9897208212196926,1.3560904937772267
2017-08-25,1.096153469323771,1.039993523316062,1.0226774225218045,0.9897208212196926,1.3560904937772267
2017-09-01,1.1104122169315278,1.0880019430051813,1.0710275484126293,0.9971752899275399,1.4109384220611734
2017-09-08,1.13902768796661,1.0479274611398963,1.0572707210687398,0.9746457243879709,1.3560904937772267
2017-09-15,1.13902768796661,1.0639572538860103,1.0987021872501774,0.9446761387854262,1.3836586724308269
2017-09-22,1.1532864355743668,1.0719721502590673,1.0710275484126293,0.9746457243879709,1.3972280976282514
2017-09-29,1.13902768796661,1.0479274611398963,1.0502715692844682,0.9446761387854262,1.4656454511096229
2017-10-06,1.1294521845341903,1.0319786269430051,1.0572707210687398,0.9597429792486498,1.4656454511096229
2017-10-13,1.1104122169315278,1.1279954663212435,1.0847941323716563,0.9971752899275399,1.3836586724308269
2017-10-20,1.0627437148511747,1.0880019430051813,1.0641088887032424,0.9971752899275399,1.3698008182101487
2017-10-27,1.0913069321158204,1.0719721502590673,0.9880658303214865,1.0047081941361207,1.314952889926202
2017-11-03,1.0865779658913512,1.0880019430051813,1.001989739699606,1.034688100199288,1.3288090865088154
2017-11-10,1.072266964513158,1.1039507772020725,0.9950735191440034,1.0572073452782345,1.3012392502171506
2017-11-17,1.0913069321158204,1.1199805699481864,1.0089096189858853,1.0796543471328213,1.260247518515817
2017-11-24,1.0913069321158204,1.1439443005181347,1.0710275484126293,1.117158901036071,1.2739561853106744
2017-12-01,1.096153469323771,1.1439443005181347,1.0434224254579358,1.117158901036071,1.3698008182101487
2017-12-08,1.1056179334940137,1.1199805699481864,1.0295851060391619,1.1097178489270334,1.2876714826577906
2017-12-15,1.096153469323771,1.1359294041450776,1.0502715692844682,1.1471398391453007,1.2876714826577906
2017-12-22,1.1246644328179805,1.1599740932642486,1.036503765748549,1.1471398391453007,1.3012392502171506
2017-12-29,1.1104122169315278,1.1279954663212435,1.0572707210687398,1.1771207772545305,1.3288090865088154
2018-01-05,1.1628619390067865,1.1999676165803108,1.0987021872501774,1.1695868409998875,1.3288090865088154
2018-01-12,1.177166408663675,1.1759229274611398,1.0710275484126293,1.2071739585881196,1.3560904937772267
2018-01-19,1.1675909052312556,1.1919527202072537,1.0710275484126293,1.2071739585881196,1.3836586724308269
2018-01-26,1.177166408663675,1.287969559585492,1.1333028032584656,1.2146253311577802,1.4109384220611734
2018-02-02,1.1866374045552224,1.2159974093264247,1.0918749958077045,1.1921164065394567,1.3972280976282514
2018-02-09,1.0674857445182528,1.1359294041450776,1.0434224254579358,1.1321442098603742,1.3560904937772267
2018-02-16,1.072266964513158,1.1439443005181347,1.0779462081220164,1.1471398391453007,1.3012392502171506
2018-02-23,1.058008216905401,1.1279954663212435,1.0779462081220164,1.1622077116545866,1.3288090865088154
2018-03-02,1.0389159955323026,1.0559423575129534,1.001989739699606,1.117158901036071,1.2876714826577906
2018-03-09,1.0150817444921258,1.0719721502590673,1.0226774225218045,1.0946293354965018,1.2876714826577906
2018-03-16,1.0532204651891912,1.0639572538860103,0.9812325409945527,1.0871882833874642,1.2876714826577906
2018-03-23,1.058008216905401,1.0079339378238341,0.974224852172036,1.0572073452782345,1.2329644536093411
2018-03-30,1.0389159955323026,1.0,0.9467148562149333,1.0271490037143338,1.205396274955741
2018-04-06,1.043697215527208,1.0319786269430051,0.9604753422894996,1.0271490037143338,1.2329644536093411
2018-04-20,1.0532204651891912,1.023963730569948,0.9535493651187594,1.0572073452782345,1.2465355364448303
2018-04-27,1.0415874695458494,1.0559423575129534,0.9190341194929244,1.072120410878178,1.2465355364448303
2018-05-04,1.0415874695458494,1.015948834196891,0.9121166793604295,1.0496837294842143,1.2329644536093411
2018-05-11,1.0512609487978366,1.0319786269430051,0.89835985201654,1.034688100199288,1.2329644536093411
2018-05-18,1.031861736523426,1.0079339378238341,0.9052748529952503,1.0496837294842143,1.3012392502171506
2018-05-25,1.012508246298147,1.0281735751295336,0.8913582610784841,1.012240066298639,1.164402885616343
2018-06-01,1.031861736523426,1.0119818652849741,0.9190341194929244,0.9746457243879709,1.136980579112434
2018-06-08,1.0173939738339244,1.0119818652849741,0.9467148562149333,1.0047081941361207,1.136980579112434
2018-06-15,1.007668240811501,1.0281735751295336,0.9604753422894996,1.019704855467109,1.164402885616343
2018-06-22,0.9495555163652276,0.9553108808290154,0.9052748529952503,0.982187917011112,1.1096975142059582
2018-06-29,0.9398820371132404,0.931023316062176,0.8845213130208738,0.9296908299611228,1.1232669394033827
2018-07-06,0.9543955218518736,0.9472150259067357,0.890866771590932,0.982187917011112,1.1096975142059582
2018-07-13,0.9398820371132404,0.9472150259067357,0.890866771590932,0.982187917011112,1.0821309931904228
2018-07-20,0.9398820371132404,0.931023316062176,0.8761318435795069,0.9597429792486498,1.0958396599852802
2018-07-27,0.9979359760677731,0.971502590673575,0.9057663424828025,1.0572073452782345,1.1505466890337297
2018-08-03,0.9591767418467789,0.9876943005181347,0.9428902630810293,1.0647412815328772,1.1096975142059582
2018-08-10,0.9640755328251653,0.931023316062176,1.0542547074143567,1.0255885500681665,1.0684156958433069
2018-08-17,0.9495555163652276,0.9148316062176164,1.0171405434312673,1.017967921944292,1.0272814072684113
2018-08-24,0.9495555163652276,0.9229274611398962,1.0542547074143567,1.0787977489011287,1.0409917317013333
2018-08-31,0.9543955218518736,0.9634067357512952,1.0616575391499428,1.0863213646951488,1.05470371377232
2018-09-07,0.9543955218518736,0.931023316062176,0.9949100958404501,1.0635647490218783,0.9862863602909486
2018-09-14,0.9398820371132404,0.9553108808290154,0.9726028149054249,1.0331916334089821,1.0
2018-09-21,0.925264044833735,0.9957901554404144,0.9800080857947951,1.0711812489615036,1.0821309931904228
2018-09-28,0.9689090065905067,1.0605569948186528,0.965187787400917,1.1091708645140248,1.0272814072684113
2018-10-05,0.9543955218518736,1.0119818652849741,0.9502955339703997,1.0863213646951488,1.0821309931904228
2018-10-12,0.8962305436351642,0.9553108808290154,0.9280711842640433,1.0255885500681665,1.013710324432922
2018-10-19,0.90107054912181,0.9472150259067357,0.9428902630810293,1.0483420696032504,1.05470371377232
2018-10-26,0.8865505326618723,0.931023316062176,0.9354752355765215,1.0331916334089821,1.05470371377232
2018-11-02,0.852631303927524,0.8905440414507773,0.9354752355765215,1.017967921944292,0.9725727205818971
2018-11-09,0.9446697888294502,0.971502590673575,0.9874950683359421,1.0635647490218783,1.0272814072684113
2018-11-16,0.925264044833735,0.9229274611398962,0.9280711842640433,1.017967921944292,1.0272814072684113
2018-11-23,0.9446697888294502,0.931023316062176,0.9205829821460041,1.0028247100724599,0.9588607385109106
2018-11-30,0.9398820371132404,0.9472150259067357,0.9726028149054249,1.0331916334089821,1.0272814072684113
2018-12-07,0.9349897778561583,0.9634067357512952,0.965187787400917,1.0103576142810404,0.9452913133134858
2018-12-14,0.9737490120771526,0.9876943005181347,0.9428902630810293,1.0255885500681665,0.9452913133134858
2018-12-21,0.9785890175637986,0.9795984455958548,0.965187787400917,0.9876030626998944,0.9314367743689371
2018-12-28,0.9349897778561583,0.9795984455958548,0.965187787400917,0.9952040819485855,0.9177264499360152
2019-01-04,0.9543955218518736,0.9795984455958548,0.9874950683359421,1.017967921944292,0.9725727205818971
2019-01-11,0.9689090065905067,1.0038860103626943,1.0023153667298204,0.9952040819485855,1.0
2019-01-18,1.0028282353248552,1.052461139896373,1.0245433751668533,1.017967921944292,1.0272814072684113
2019-01-25,0.9834812768208806,1.0443652849740932,1.0023153667298204,1.017967921944292,1.0272814072684113
2019-02-01,0.9883147505862219,1.052461139896373,0.9874950683359421,1.0028247100724599,0.9588607385109106
2019-02-08,1.02702173103678,0.9795984455958548,0.9949100958404501,0.9799834666220822,0.9177264499360152
2019-02-15,0.9398820371132404,0.9957901554404144,0.9800080857947951,0.9952040819485855,0.9314367743689371
2019-02-22,0.9349897778561583,0.9876943005181347,1.0023153667298204,0.9799834666220822,0.9588607385109106
2019-03-01,0.9107962821442335,0.971502590673575,0.965187787400917,0.9572309791330607,0.9862863602909486
2019-03-08,0.9107962821442335,0.971502590673575,0.9280711842640433,0.926870248072912,0.9452913133134858
2019-03-15,0.925264044833735,1.0119818652849741,0.9502955339703997,0.9496155112394975,0.9862863602909486
2019-03-22,0.9156362876308792,0.9957901554404144,0.9354752355765215,0.9420000433459345,1.0
2019-03-29,0.905962808378892,0.9553108808290154,0.9428902630810293,0.9343948959129943,0.9588607385109106
2019-04-05,0.9301563040908171,0.971502590673575,0.965187787400917,0.9648371586120631,1.013710324432922
2019-04-12,0.925264044833735,0.9795984455958548,0.9800080857947951,0.9572309791330607,1.05470371377232
2019-04-19,0.9366423033462008,0.9957901554404144,0.9800080857947951,0.9648371586120631,1.0821309931904228
2019-04-26,0.9366423033462008,0.9957901554404144,0.9949100958404501,0.972371094866706,1.0272814072684113
2019-05-03,0.9218152959849508,0.9957901554404144,0.9726028149054249,0.9496155112394975,1.0272814072684113
2019-05-10,0.9268055310616007,0.9148316062176164,0.89835985201654,0.9192547801793489,0.9452913133134858
2019-05-17,0.9268055310616007,0.8662564766839378,0.8761318435795069,0.896419729005345,0.9725727205818971
2019-05-24,0.9168707829574327,0.8743523316062176,0.8761318435795069,0.9040341648528457,0.9177264499360152
2019-05-31,0.9070405423941371,0.898639896373057,0.89835985201654,0.9420000433459345,0.9314367743689371
2019-06-07,0.9366423033462008,0.9553108808290154,0.9428902630810293,1.0028247100724599,0.9040111525888991
2019-06-14,0.95141052521571,0.971502590673575,0.9428902630810293,1.0103576142810404,0.8904417273914743
2019-06-21,0.9464660121881919,0.9553108808290154,0.965187787400917,1.0255885500681665,0.9040111525888991
2019-06-28,0.9661787470852192,0.9634067357512952,0.9428902630810293,1.0255885500681665,0.9314367743689371
2019-07-05,0.9464660121881919,0.9229274611398962,0.9280711842640433,1.0028247100724599,0.9452913133134858
2019-07-12,0.9415737529311099,0.898639896373057,0.9404425722584064,0.9876030626998944,0.9452913133134858
2019-07-19,0.9415737529311099,0.8500647668393783,0.9562421908967123,1.017967921944292,0.9177264499360152
2019-07-26,0.9168707829574327,0.817681347150259,0.9325482510352684,1.0103576142810404,0.9452913133134858
2019-08-02,0.8626705595725641,0.7367227979274611,0.900963648681363,0.9652375924842277,0.8628768640140037
2019-08-09,0.8676150726000823,0.6962435233160621,0.9167498519738547,0.9573857860424025,0.8081681773274896
2019-08-16,0.8528403190092685,0.6638601036269429,0.9246539298121302,0.9652375924842277,0.7945987521300649
2019-08-23,0.8577325782663505,0.7124352331606217,0.9167498519738547,0.9809298528611928,0.7945987521300649
2019-08-30,0.8626705595725641,0.6800518134715026,0.900963648681363,0.918145330662398,0.8220243739101029
2019-09-06,0.8429643563968412,0.6800518134715026,0.9483478696735741,0.9809298528611928,0.7807442131855162
2019-09-13,0.8676150726000823,0.7124352331606217,1.0115926881487007,1.0201734043793842,0.8767297453204878
2019-09-20,0.8725008001358597,0.6962435233160621,0.9799275937199108,0.988774434980582,0.8904417273914743
2019-09-27,0.9021025610879235,0.7933937823834196,0.9720320529198805,0.988774434980582,0.8493074388165791
2019-10-04,0.877497566933814,0.7610103626943004,0.9562421908967123,0.9338396551314877,0.8355937991075275
2019-10-11,0.8972103018308415,0.7933937823834196,0.9799275937199108,0.9416914615733128,0.8628768640140037
2019-10-18,0.8873278074971096,0.8257772020725388,1.003702025656239,0.9338396551314877,0.9314367743689371
2019-10-25,0.877497566933814,0.8014896373056994,1.0510777096102049,0.9416914615733128,0.8904417273914743
2019-11-01,0.8133560637234729,0.8095854922279793,1.0115926881487007,0.9416914615733128,0.8493074388165791
2019-11-08,0.8133560637234729,0.817681347150259,0.9562421908967123,0.9338396551314877,0.8767297453204878
2019-11-15,0.8133560637234729,0.8257772020725388,0.9483478696735741,0.9103017805890712,0.8355937991075275
2019-11-22,0.8084703361876955,0.8257772020725388,0.9483478696735741,0.9259971371042233,0.8628768640140037
2019-11-29,0.7985878418539638,0.7933937823834196,0.9562421908967123,0.8632219033199889,0.8355937991075275
2019-12-06,0.8035323548814819,0.7529145077720207,0.8692936759450045,0.8161368658205953,0.8493074388165791
2019-12-13,0.8133560637234729,0.8095854922279793,0.8929802983450952,0.8161368658205953,0.8628768640140037
2019-12-20,0.8429643563968412,0.8014896373056994,0.9088628482120699,0.8318301582436226,0.8767297453204878
2019-12-27,0.8528403190092685,0.8257772020725388,0.9167498519738547,0.8239835120321091,0.8767297453204878
2020-01-03,0.8676150726000823,0.8419689119170984,0.9246539298121302,0.8318301582436226,0.8904417273914743
2020-01-10,0.8577325782663505,0.817681347150259,0.9562421908967123,0.8318301582436226,0.8493074388165791
2020-01-17,0.8626705595725641,0.817681347150259,0.9404425722584064,0.8396778365011986,0.8628768640140037
2020-01-24,0.8626705595725641,0.8095854922279793,0.9167498519738547,0.8553752571084752,0.8493074388165791
2020-01-31,0.8528403190092685,0.7933937823834196,0.900963648681363,0.8161368658205953,0.8081681773274896
2020-02-07,0.8478958059817503,0.8257772020725388,0.9246539298121302,0.8553752571084752,0.8355937991075275
2020-02-14,0.8281896028060274,0.7933937823834196,0.9167498519738547,0.847526546804837,0.8767297453204878
2020-02-21,0.8478958059817503,0.7933937823834196,0.9167498519738547,0.8082891875630193,0.8493074388165791
2020-02-28,0.7689926126232045,0.6314766839378239,0.782347600147081,0.7376611152908976,0.7671747879880915
2020-03-06,0.7641068850874271,0.6395725388601036,0.7982228325527024,0.7219667908218079,0.6986297963757401
2020-03-13,0.630998242966969,0.44527202072538863,0.5610761058665917,0.5571696755969613,0.5205248745167985
2020-03-20,0.6605399120830312,0.5262305699481865,0.5057987832281347,0.5414743190818093,0.4931290902219246
2020-03-27,0.6457723433856524,0.4695595854922279,0.49000648205118197,0.5336276728702956,0.589013506434951
2020-04-03,0.5669129125598469,0.4614637305699481,0.4741300300686683,0.5179323163551436,0.5342385142258498
2020-04-10,0.5669129125598469,0.4857512953367875,0.49790080327432,0.5336276728702956,0.5479239740878017
2020-04-17,0.5915668946237401,0.4614637305699481,0.4821085020973674,0.5179323163551436,0.4794303692554553
2020-04-24,0.5570310713982456,0.4533678756476684,0.4346462281840561,0.4943892815824156,0.465731648288986
2020-05-01,0.5619723185651114,0.4533678756476684,0.45833772889171565,0.5179323163551436,0.5342385142258498
2020-05-08,0.47817555960522273,0.38860103626943,0.44254298856097857,0.4943892815824156,0.5068278111883938
2020-05-15,0.468293065271491,0.3805051813471502,0.4346462281840561,0.48654366741696414,0.4794303692554553
2020-05-22,0.4831168067720887,0.3805051813471502,0.44254298856097857,0.5022379918860538,0.465731648288986
2020-05-29,0.5176036420877994,0.44527202072538863,0.45833772889171565,0.5179323163551436,0.4794303692554553
2020-06-05,0.5767980195821004,0.5100388601036269,0.49790080327432,0.5414743190818093,0.589013506434951
2020-06-12,0.5817366540604445,0.49384715025906734,0.4741300300686683,0.5179323163551436,0.5342385142258498
2020-06-19,0.5669129125598469,0.5019430051813472,0.4821085020973674,0.5336276728702956,0.5205248745167985
2020-06-26,0.532427383588397,0.49384715025906734,0.45833772889171565,0.5179323163551436,0.5068278111883938
2020-07-03,0.5619723185651114,0.4857512953367875,0.4821085020973674,0.5336276728702956,0.5342385142258498
2020-07-10,0.5570310713982456,0.4776554404145077,0.49000648205118197,0.5414743190818093,0.5205248745167985
2020-07-17,0.5521407716575549,0.4371761658031088,0.4821085020973674,0.5414743190818093,0.5205248745167985
2020-07-24,0.537368630755263,0.429080310880829,0.4821085020973674,0.5336276728702956,0.5068278111883938
2020-07-31,0.4880580539389545,0.3805051813471502,0.44254298856097857,0.5022379918860538,0.5068278111883938
2020-08-07,0.468293065271491,0.3805051813471502,0.44254298856097857,0.4786949571133258,0.5068278111883938
2020-08-14,0.4929483536796452,0.4209844559585492,0.4741300300686683,0.5179323163551436,0.5342385142258498
2020-08-21,0.4880580539389545,0.38860103626943,0.44254298856097857,0.4943892815824156,0.5068278111883938
2020-08-28,0.47817555960522273,0.37240932642487046,0.45043974893790095,0.4943892815824156,0.5342385142258498
2020-09-04,0.47323431243835684,0.36431347150259064,0.42675068738402583,0.47084727885574984,0.5068278111883938
2020-09-11,0.4880580539389545,0.3805051813471502,0.4346462281840561,0.4786949571133258,0.5068278111883938
2020-09-18,0.46335181810462506,0.37240932642487046,0.42675068738402583,0.4786949571133258,0.465731648288986
2020-09-25,0.41898314162731304,0.33193005181347146,0.4030433321767679,0.44730630817514644,0.4246388006657074
2020-10-02,0.43874813029477655,0.3400259067357513,0.41885270743021125,0.47084727885574984,0.4383507827366941
2020-10-09,0.4584615183639344,0.3400259067357513,0.44254298856097857,0.4943892815824156,0.465731648288986
2020-10-16,0.4338062299557802,0.2995466321243523,0.4030433321767679,0.47084727885574984,0.4520329273225167
2020-10-23,0.40915094154762605,0.2995466321243523,0.4030433321767679,0.4630006326442362,0.4794303692554553
2020-10-30,0.3598416710755785,0.23477979274611396,0.35563106091603636,0.4237622413563562,0.4794303692554553
2020-11-06,0.43874813029477655,0.2509715025906736,0.36352660171606666,0.4630006326442362,0.5068278111883938
2020-11-13,0.5126623949209336,0.3238341968911917,0.44254298856097857,0.5493219973393852,0.6575187147337501
2020-11-20,0.5274854832494007,0.33193005181347146,0.4741300300686683,0.588559356581203,0.6575187147337501
2020-11-27,0.547199524490689,0.31573834196891193,0.49000648205118197,0.6121023913539309,0.6849012379241067
2020-12-04,0.5866289133175265,0.3400259067357513,0.49000648205118197,0.6121023913539309,0.7671747879880915
2020-12-11,0.547199524490689,0.36431347150259064,0.5057987832281347,0.6356443940805966,0.7533185914054781
2020-12-18,0.537368630755263,0.36431347150259064,0.49000648205118197,0.6199490375654446,0.7671747879880915
2020-12-25,0.5669129125598469,0.35621761658031087,0.5057987832281347,0.6277977478690828,0.7671747879880915
2021-01-01,0.5915668946237401,0.36431347150259064,0.5057987832281347,0.6277977478690828,0.7533185914054781
2021-01-08,0.6211157486332373,0.429080310880829,0.5689728662435142,0.714119112564232,0.7945987521300649
2021-01-15,0.5915668946237401,0.4128886010362694,0.5452825851127469,0.6670351071109005,0.7945987521300649
2021-01-22,0.5965107544791278,0.4209844559585492,0.5373858247358244,0.6513397505957486,0.7533185914054781
2021-01-29,0.5915668946237401,0.3966968911917098,0.529489064358902,0.6356443940805966,0.6986297963757401
2021-02-05,0.5915668946237401,0.3966968911917098,0.5452825851127469,0.6277977478690828,0.8081681773274896
2021-02-12,0.5866289133175265,0.3805051813471502,0.5373858247358244,0.6121023913539309,0.8081681773274896
2021-02-19,0.6457723433856524,0.4533678756476684,0.5531793454896693,0.6670351071109005,0.8628768640140037
2021-02-26,0.626105983709887,0.4533678756476684,0.5531793454896693,0.6513397505957486,0.8493074388165791
2021-03-05,0.6211157486332373,0.4857512953367875,0.5848480986491357,0.6748817533224143,0.8767297453204878
2021-03-12,0.6359388369617045,0.4857512953367875,0.6006403998260884,0.69842375604908,0.8628768640140037
2021-03-19,0.5866289133175265,0.4695595854922279,0.5689728662435142,0.6748817533224143,0.8493074388165791
2021-03-26,0.6013971351870359,0.4371761658031088,0.5768696266204366,0.706271434306656,0.8493074388165791
2021-04-02,0.5965107544791278,0.4371761658031088,0.5848480986491357,0.706271434306656,0.8355937991075275
2021-04-09,0.626105983709887,0.44527202072538863,0.5927460786029504,0.69842375604908,0.8355937991075275
2021-04-16,0.6211157486332373,0.429080310880829,0.6243306809568557,0.714119112564232,0.8355937991075275
2021-04-23,0.5965107544791278,0.4371761658031088,0.6164351401568253,0.706271434306656,0.8355937991075275
2021-04-30,0.5965107544791278,0.4857512953367875,0.6480209620876229,0.8632219033199889,0.9261522242187552
2021-05-07,0.630998242966969,0.5181347150259067,0.6875864756240119,0.8789151957430164,0.9261522242187552
2021-05-14,0.6507070588312137,0.5667098445595854,0.6954844555778263,0.847526546804837,0.9675732841788391
2021-05-21,0.6753603877229767,0.6314766839378239,0.7507605586393913,0.9103017805890712,0.9814294807614525
2021-05-28,0.7049098949046042,0.6152849740932642,0.782347600147081,0.9652375924842277,0.9952856773440659
2021-06-04,0.6950796543413086,0.6152849740932642,0.7982228325527024,0.9730811425575545,1.0091418739266793
2021-06-11,0.6852428820567084,0.5990932642487046,0.806119592929625,0.9652375924842277,1.0091418739266793
2021-06-18,0.6704289381380676,0.6314766839378239,0.8140151337296552,0.9809298528611928,0.9538629597459173
2021-06-25,0.7196781167741134,0.7124352331606217,0.8456033948142372,0.988774434980582,0.9814294807614525
2021-07-02,0.6753603877229767,0.6638601036269429,0.7744496201932664,0.918145330662398,0.9398642062897419
2021-07-09,0.6605399120830312,0.6638601036269429,0.758658538593206,0.9024510061933084,0.8985857032032197
2021-07-16,0.6654844251105494,0.6152849740932642,0.7665540793932362,0.9024510061933084,0.8847295066206065
2021-07-23,0.6753603877229767,0.6314766839378239,0.7507605586393913,0.8946115843042306,0.9122993429122711
2021-07-30,0.7000176356475222,0.6557642487046632,0.7744496201932664,0.918145330662398,0.8708749676760578
2021-08-06,0.7493321314966132,0.6557642487046632,0.806119592929625,0.9416914615733128,0.8985857032032197
2021-08-13,0.7887576012906682,0.6719559585492227,0.8534989356142674,0.9495422359690757,0.9261522242187552
2021-08-20,0.7493321314966132,0.6800518134715026,0.8298098740603923,0.9259971371042233,0.8570187710934444
2021-08-27,0.7689926126232045,0.7367227979274611,0.8456033948142372,0.9730811425575545,0.8847295066206065
2021-09-03,0.8084703361876955,0.7933937823834196,0.877191655898819,1.0201734043793842,0.8708749676760578
2021-09-10,0.8183071084722957,0.77720207253886,0.8710876735534141,1.0280179864987733,0.8570187710934444
2021-09-17,0.8429643563968412,0.817681347150259,0.8629457782211618,1.0123185017993723,0.8570187710934444
2021-09-24,0.8281896028060274,0.8257772020725388,0.8710876735534141,1.0201734043793842,0.8708749676760578
2021-10-01,0.8478958059817503,0.8662564766839378,0.9036454982672861,1.0515517328569408,0.8708749676760578
2021-10-08,0.9168707829574327,0.9553108808290154,1.001337266062285,1.1221849653593738,0.9538629597459173
2021-10-15,0.9316912585973781,1.052461139896373,1.0339024082375103,1.0986543151393933,0.9398642062897419
2021-10-22,0.9711232601127374,1.0686528497409327,1.0339024082375103,1.0986543151393933,0.9261522242187552
2021-10-29,0.9761134951893873,1.1577072538860103,1.0990351317417448,1.1692875476418263,0.9257228959600046
2021-11-05,1.035258231601774,1.1819948186528497,1.1071733683433207,1.1771207772545305,0.9257228959600046
2021-11-12,1.0105487299067923,1.16580310880829,1.0827476823465636,1.0908004446054436,0.9117258001418939
2021-11-19,0.9612930195494418,1.0686528497409327,1.0176137392654367,1.03587495317091,0.855589887081695
2021-11-26,0.9563485065219236,1.0281735751295336,0.9606277894010231,0.988774434980582,0.7994556316595609
2021-12-03,0.9447155108785819,0.9957901554404144,0.9850571341284569,1.0515517328569408,0.7854568782033855
2021-12-10,0.9548070202940581,0.931023316062176,0.9850571341284569,1.0280179864987733,0.7714614400233395
2021-12-17,0.9648397442177937,0.8257772020725388,0.9769176779499888,0.988774434980582,0.7854568782033855
2021-12-24,0.9899607443549598,0.8419689119170984,1.0176137392654367,1.03587495317091,0.8275940378074089
2021-12-31,1.0,0.898639896373057,1.042040644839086,1.0594056033908905,0.8415927912635843
2022-01-07,1.030163488984252,1.0038860103626943,1.058319557196022,1.0986543151393933,0.8837316085056725
2022-01-14,1.0352059778313378,0.9876943005181347,1.1641556594770577,1.1457259360399772,0.8977287043237832
2022-01-21,1.0,0.9229274611398962,1.1478804058507983,1.114341415286047,0.8695886405378704
2022-01-28,1.0352059778313378,0.9472150259067357,1.1316051522245387,1.114341415286047,0.8977287043237832
2022-02-04,1.3819228081176231,1.0038860103626943,1.1478804058507983,1.1300388358933235,0.9117258001418939
2022-02-11,1.361844296827543,1.1900906735751295,1.1397372909416537,1.1221849653593738,0.967860055564028
2022-02-18,1.2964813617332576,1.1334196891191708,1.0990351317417448,1.082936253610871,0.9397199917781153
2022-02-25,1.2010006597038516,0.971502590673575,1.0176137392654367,1.0594056033908905,0.8695886405378704
2022-03-04,1.0653172130451538,0.8419689119170984,0.822237521136792,0.9103017805890712,0.7714614400233395
2022-03-11,1.1859711689821617,0.8500647668393783,0.9443488770440872,0.9652375924842277,0.8135936267131689
2022-03-18,1.1607979150745595,0.858160621761658,1.001337266062285,1.03587495317091,0.8695886405378704
2022-03-25,1.1558076799979098,0.8257772020725388,0.9687782217715207,1.0044832080945436,0.855589887081695
2022-04-01,1.16584693564295,0.9229274611398962,1.050180101017554,1.0750927035375442,0.8977287043237832
2022-04-08,1.1407259355057837,0.8824481865284974,1.0094755026638609,1.0201734043793842,0.8695886405378704
2022-04-15,1.0809084317990318,0.8662564766839378,0.9769176779499888,0.988774434980582,0.8837316085056725
2022-04-22,1.060326977968504,0.8500647668393783,0.9769176779499888,0.9809298528611928,0.8837316085056725
2022-04-29,0.9728215076519114,0.7448186528497409,0.8792271297318821,0.8543535315068181,0.7998866175563762
2022-05-06,0.9625340465972997,0.6800518134715026,0.822237521136792,0.8025344987197468,0.7141834143365801
2022-05-13,1.1684139021156243,0.6881476683937823,0.8059561696260716,0.7928982846362399,0.7427494911051141
2022-05-20,1.158119909339708,0.6638601036269429,0.8303794164690445,0.7897732491596564,0.7427494911051141
2022-05-27,1.1787078948915406,0.6881476683937823,0.8303794164690445,0.8087835376268513,0.8141688271216109
2022-06-03,1.1632669057276663,0.6962435233160621,0.822237521136792,0.8043550279736085,0.7998866175563762
2022-06-10,1.0706209707444203,0.6314766839378239,0.7571108955170183,0.7543596205785856,0.7427494911051141
2022-06-17,1.044879457083325,0.5990932642487046,0.7408295440062979,0.7314461339038483,0.7284656239018148
2022-06-24,1.0500329851925878,0.6071891191709844,0.7652515712723784,0.7527981348863563,0.7427494911051141
2022-07-01,1.0294449996407553,0.5909974093264249,0.7326876486740455,0.7160820641746882,0.6998995471332807
2022-07-08,0.9985630213130067,0.5909974093264249,0.7408295440062979,0.757517681529162,0.6998995471332807
2022-07-15,0.9059040228871514,0.4857512953367875,0.675701698809632,0.7017293995865623,0.6284802111167839
2022-07-22,0.9419460610454673,0.5343264248704663,0.6898000076833345,0.7219667908218079,0.6427640783200833
2022-07-29,1.0397389924166716,0.5586139896373056,0.707044824938884,0.7219667908218079,0.6570496031614472
2022-08-05,1.3434248427488096,0.5586139896373056,0.7329120508222083,0.7080847392380816,0.6713334703647467
2022-08-12,1.4154762604589186,0.6476683937823834,0.7760240939610822,0.7502335004215908,0.7141834143365801
2022-08-19,1.3434248427488096,0.623380829015544,0.7587792767055326,0.8429566468410618,0.6856140222919167
2022-08-26,1.2662133652081333,0.582901554404145,0.707044824938884,0.8008099497496771,0.6427640783200833
2022-09-02,1.2507723760442588,0.5505181347150259,0.6553091535953433,0.7923801975129754,0.6570496031614472
2022-09-09,1.3382713146395468,0.6314766839378239,0.7242884226175413,0.8260981744137204,0.6713334703647467
2022-09-16,1.2404783832683426,0.6476683937823834,0.7156672335666587,0.8092397019863791,0.6998995471332807
2022-09-23,1.1838548912794988,0.582901554404145,0.6811763794786675,0.7755206930395717,0.6713334703647467
2022-09-30,1.2095964049405938,0.5181347150259067,0.6380643363397936,0.7418027161388266,0.6570496031614472
2022-10-07,1.173567430224887,0.5019430051813472,0.6725551904277849,0.7586622206122303,0.6713334703647467
2022-10-14,1.1993024121646776,0.4857512953367875,0.707044824938884,0.7670919728489322,0.6713334703647467
2022-10-21,1.2456188479349963,0.5909974093264249,0.7587792767055326,0.8260981744137204,0.6998995471332807
2022-10-28,1.3846008138524746,0.6557642487046632,0.8105137284721812,0.8766735916957445,0.7014544116379453
2022-11-04,1.5493046982671344,0.6800518134715026,0.8191361370999559,0.8766735916957445,0.7306818859942844
2022-11-11,1.4772467488357206,0.9553108808290154,0.8881166256990463,0.9188182246950045,0.6868406744597758
2022-11-18,1.4720997524477624,0.9553108808290154,0.9053614429545959,0.9356859855369064,0.6868406744597758
2022-11-25,1.4772467488357206,0.9634067357512952,0.9312250101072436,0.9609700820167005,0.7599093603506235
2022-12-02,1.51842925166069,0.931023316062176,0.9139850711592628,0.9609700820167005,0.745295623172454
2022-12-09,1.405188799404307,0.8419689119170984,0.896739034326821,0.9525454900103101,0.745295623172454
2022-12-16,1.3691598246886,0.8419689119170984,0.9053614429545959,0.9609700820167005,0.7306818859942844
2022-12-23,1.4978412661088576,0.898639896373057,0.9226050406332531,0.9946870268713833,0.745295623172454
2022-12-30,1.4875472733329416,0.8824481865284974,0.9312250101072436,1.0031178111541474,0.7599093603506235
2023-01-06,1.6110751866439363,1.0038860103626943,1.0174527551156678,1.1042789661788184,0.8037505718851323
2023-01-13,1.6162221830318941,1.0281735751295336,1.0950519936118563,1.171712855888184,0.8329780462414714
2023-01-20,1.5441642336004808,0.9876943005181347,1.0346987919481094,1.1295640947046748,0.8329780462414714
2023-01-27,1.5493046982671344,0.9472150259067357,0.991583090078559,1.0705620213241356,0.8475901257815763
2023-02-03,1.559605222764355,0.9553108808290154,1.0088291269110008,1.0874050130605428,0.9644983655688683
2023-02-10,1.5441642336004808,0.9229274611398962,0.991583090078559,1.0705620213241356,0.9498862860287632
2023-02-17,1.5235762480486483,0.9634067357512952,0.991583090078559,1.0621302049953092,0.9644983655688683
2023-02-24,1.4978412661088576,0.9472150259067357,0.9484734860934697,1.0199783476736133,0.9644983655688683
2023-03-03,1.5338702408245644,0.858160621761658,0.8794942170712715,1.0284080999103151,1.0521824462759501
2023-03-10,1.5493046982671344,0.8257772020725388,0.8536269911879473,0.8851023118863841,0.9937258399252074
2023-03-17,1.436064246010751,0.7367227979274611,0.7674029049101996,0.7839504452762734,0.8768176001379154
2023-03-24,1.1323914591212223,0.7448186528497409,0.7846465025888568,0.7923801975129754,0.8622055205978105
2023-03-31,1.173567430224887,0.8257772020725388,0.8536269911879473,0.8513874311238259,0.9206604693104888
2023-04-07,1.1684139021156243,0.8743523316062176,0.8536269911879473,0.8513874311238259,0.9352725488505939
2023-04-14,1.1838548912794988,0.9634067357512952,0.9312250101072436,0.9272521051159555,0.9791137603851023
2023-04-21,1.1632669057276663,0.9876943005181347,0.9657231816565879,0.9693957060691533,0.9644983655688683
2023-04-28,1.1375319237878758,0.898639896373057,0.862249399815722,0.9525454900103101,0.8632100492650032
2023-05-05,1.1478259165637918,0.8905440414507773,0.8536269911879473,0.9272521051159555,0.848329432358421
2023-05-12,0.9831220321491322,0.9067357512953368,0.862249399815722,0.9356859855369064,0.8632100492650032
2023-05-19,1.0242914715314926,0.9472150259067357,0.9139850711592628,0.8935392884455218,0.8780972967238441
2023-05-26,1.0139974787555763,0.9795984455958548,0.9312250101072436,0.9103926006425519,0.8632100492650032
2023-06-02,1.019151006864839,0.9957901554404144,0.9398535166194791,0.9272521051159555,0.848329432358421
2023-06-09,1.00370348597966,1.0281735751295336,0.9743431511305783,0.9609700820167005,0.8632100492650032
2023-06-16,1.044879457083325,1.0443652849740932,1.0088291269110008,0.9693957060691533,0.8780972967238441
2023-06-23,1.0294449996407553,1.0038860103626943,0.9743431511305783,0.9441116095893591,0.8334471578137743
2023-06-30,1.1169439382360433,1.052461139896373,1.000212816167687,0.9693957060691533,0.9078601881750731
2023-07-07,1.0963559526842108,1.0848445595854923,1.0061314228254792,0.986266563049242,0.848329432358421
2023-07-14,1.2044428768313313,1.16580310880829,1.0605184543326385,1.0452665723376564,0.937628052540496
2023-07-21,1.2044428768313313,1.1819948186528497,1.0695847889491699,1.0621302049953092,0.937628052540496
2023-07-28,1.1632669057276663,1.2386658031088082,1.1148993879553366,1.0874050130605428,0.9525103270851428
2023-08-04,1.0330439780795433,1.1917098445595855,1.075929027942336,1.0823686282766172,0.9272081396659528
2023-08-11,1.0031874799966034,1.1455634715025906,1.0296973071132434,1.0469488074191726,0.9391166115225738
2023-08-18,1.004219491962717,1.0710816062176165,0.9707807670284948,0.9871056164978755,0.8989321495587368
2023-08-25,0.960979496926825,1.0565090673575128,0.9753127147598685,0.9508529344681712,0.9108356485011636
2023-09-01,0.994957511152914,1.0929404145077721,0.9997871838323131,0.9693957060691533,0.9093487471571506
2023-09-08,1.0124559925277108,1.01764896373057,0.9163949550982278,0.901118634726905,0.8840482173760251
2023-09-15,0.994957511152914,1.0411269430051813,0.9318055287079254,0.9103926006425519,0.9093487471571506
2023-09-22,0.9486280119399865,0.9957901554404144,0.9091433508972732,0.8859506537495782,0.8914910122864133
2023-09-29,0.9300975185990763,1.0087435233160622,0.9254600701378671,0.8893244123271709,0.9450675321747548
2023-10-06,0.927014546143345,1.0670336787564767,0.9698746213975986,0.9297816500146034,0.937628052540496
2023-10-13,0.9990724955747589,1.1520401554404145,1.0251677985356542,0.9896423857189593,0.913812766465319
2023-10-20,1.0459114690494387,1.2240932642487046,1.067770058533593,1.0241932237919642,0.9004190509027495
2023-10-27,1.059301497723695,1.2896696891191708,1.1520696524754668,1.0764550043397536,0.897443590576659
2023-11-03,1.0186350008817824,1.326910621761658,1.1756391954939074,1.1152392953602306,0.9276888547047082
2023-11-10,1.0495169792095311,1.3147668393782384,1.0877089211439874,1.015772759969823,0.9398758097561946
2023-11-17,1.0541479696144325,1.403821243523316,1.1656642760926952,1.1059612012603346,0.9794784407593308
2023-11-24,1.0803989575372797,1.3941062176165802,1.156593063168595,1.0789938376529622,0.9764317019964592
2023-12-01,1.098413444895133,1.4410621761658031,1.2417975831644728,1.14979219752536,0.9870969453045744
2023-12-08,1.1689299080986812,1.40625,1.2399926093640334,1.1489459197542904,1.0327947114715186
2023-12-15,1.1401054219818547,1.3325777202072537,1.227296813916348,1.1396678256543944,1.0145159365323537
2023-12-22,1.1514314267238843,1.3762953367875645,1.271701608560942,1.1666558301830128,0.9977588733365602
2023-12-29,1.1293019549441863,1.3439119170984455,1.2771531172690258,1.1674917874934594,1.0023289814808676
2024-01-05,1.0937824544902317,1.3204339378238341,1.2390901224638138,1.1540132659200844,1.0236544951829039
2024-01-12,1.1380479297709325,1.322862694300518,1.2417975831644728,1.1464174069017046,0.9977588733365602
2024-01-19,1.1071659514431837,1.2540479274611398,1.2082567794754966,1.154859543691154,0.9688165127273449
2024-01-26,1.1380479297709325,1.2726683937823835,1.243614752733834,1.1733228477453403,0.9566295576758587
2024-02-02,1.2703348813512825,1.404630829015544,1.3442176505704877,1.2745562459943711,1.0190877023147258
2024-02-09,1.213195383379382,1.3722474093264247,1.3270094206217038,1.241675258450135,0.9307339358295152
2024-02-16,1.2435678874453784,1.5811204663212435,1.3714142152662978,1.2823378733039612,0.9383507827366941
2024-02-23,1.3341563302177022,1.715511658031088,1.3641577327577743,1.345509412776111,0.9688165127273449
2024-03-01,1.3737908150935016,1.7195595854922279,1.3569256417870947,1.3394616228511511,0.982526837160267
2024-03-08,1.356292333718705,1.7219883419689117,1.3106914818042177,1.275423164686686,1.0114708554075467
2024-03-15,1.30224233992384,1.8118523316062174,1.3668895849962772,1.323021129079033,1.0327947114715186
2024-03-22,1.2904068609200583,1.8450453367875645,1.392281175891648,1.377523481628032,1.1089598652671782
2024-03-29,1.358349825929627,1.8531411917098446,1.4267220273270595,1.4190530151741731,1.143997361040201
2024-04-05,1.38048582943063,1.8547603626943003,1.4647728263633497,1.440684700639559,1.1546592890721867
2024-04-12,1.3722427971443314,1.7203691709844557,1.4158312056798135,1.3818477546289845,1.1196234509372285
2024-04-19,1.341288969882233,1.7001295336787565,1.4484670833147857,1.4138515030202827,1.13180874835065
2024-04-26,1.3811520650036901,1.6968911917098446,1.5108118540434765,1.475299525568425,1.2232075959606674
2024-05-03,1.4033664491603473,1.717940414507772,1.461394598371987,1.4363604276386064,1.1777418991227777
2024-05-10,1.2621179759502021,1.6126943005181347,1.37769503626107,1.306580635306915,1.2181385387588932
2024-05-17,1.2364875015512837,1.5867875647668392,1.351474133079011,1.295321012767442,1.2398900654435507
2024-05-24,1.2404783832683426,1.5414507772020725,1.3262532829485467,1.3169526982328275,1.1979402189408355
2024-05-31,1.2621179759502021,1.5301165803108807,1.3373392368985428,1.347243250160741,1.227461095234622
2024-06-07,1.2171274796047002,1.4702072538860103,1.2980078821254544,1.2927202566904965,1.2150304673876287
2024-06-14,1.178962632022417,1.4305375647668392,1.302044681638599,1.3005122044607094,1.1233597671350046
2024-06-21,1.2535810162052003,1.480731865284974,1.355498736823234,1.3757896442434017,1.1016065828122825
2024-06-28,1.291732800344875,1.5576424870466319,1.4039159394431289,1.4285684798683933,1.1078227255548114
2024-07-05,1.2621179759502021,1.522830310880829,1.3867686883389545,1.386172027629937,1.1093742747833466
2024-07-12,1.2746458174122626,1.5430699481865284,1.3998791399299841,1.39396397540015,1.1093742747833466
2024-07-19,1.2427514222823142,1.5681670984455958,1.3675969395937468,1.3654072608568666,1.1140372106592757
2024-07-26,1.2302235808202535,1.5058290155440415,1.3423882852322044,1.3429086566991657,1.1357887373439335
2024-08-02,1.1766895930084456,1.3706282383419688,1.2667501263786556,1.2684981356087883,1.020813303540052
2024-08-09,1.3851429467207492,1.321243523316062,1.3605477851568957,1.2391983479006634,1.039456758853445
2024-08-16,1.4586117479539382,1.4693976683937822,1.505775001478737,1.3538380244987094,1.0472277661006384
2024-08-23,1.4272856125774827,1.4750647668393781,1.4997259000934806,1.3966060133195863,1.0891776126033537
2024-08-30,1.4586117479539382,1.5074481865284974,1.4866154485024512,1.402055216528424,1.137343601848598
2024-09-06,1.3384411393934643,1.4248704663212435,1.4190386929062702,1.3638488713028238,1.1000550335837471
2024-09-13,1.3720403137838912,1.5042098445595855,1.4261000431120432,1.3856869659806654,1.1124840037926758
2024-09-20,1.3486894101202491,1.5471178756476682,1.3978668380578727,1.3502052223594845,1.1590951285332556
2024-09-27,1.3851429467207492,1.4880181347150259,1.431136895676783,1.4111681832583551,1.16220319990452
2024-10-04,1.3384411393934643,1.3746761658031086,1.3333146331543198,1.310161835143026,1.1171436243924757
2024-10-11,1.398245579657607,1.4394430051813472,1.4170141952652369,1.4093414617281197,1.1513274365621913
2024-10-18,1.3851429467207492,1.4467292746113989,1.400891388750501,1.398422414389199,1.1668644781423845
2024-10-25,1.3355867771833911,1.361722797927461,1.358535483284784,1.355654425568322,1.1606499930379202
2024-11-01,1.1345403954304076,1.2613341968911918,1.3151551332296287,1.352011302968474,1.1538437311443668
2024-11-08,1.1573230393405574,1.3107189119170983,1.3393637345395761,1.3429189771597885,1.1300052381362842
2024-11-15,1.1527638978700057,1.253238341968912,1.2375046725039682,1.271036968921997,1.1760942068864915
2024-11-22,1.1185899320047812,1.2580958549222798,1.2042126625009986,1.2255546989573238,1.1125221294681633
2024-11-29,1.0798633563903095,1.1900906735751295,1.171941438356791,1.260117921583076,1.1125221294681633
2024-12-06,1.1368199661656835,1.248380829015544,1.2848974305344247,1.3747679186417447,1.1888082908425441
2024-12-13,1.1345403954304076,1.2661917098445596,1.2556519766597374,1.3774925202461634,1.1999343575326389
2024-12-20,1.1527638978700057,1.2273316062176165,1.1981696590002031,1.3447353782294011,1.1141118043721863
2024-12-27,1.107205141771011,1.2321891191709844,1.1981696590002031,1.348378500829249,1.0807369195780316
2025-01-03,1.1459317173854826,1.2394753886010361,1.2132948516171285,1.35929754816817,1.1029857376820915
2025-01-10,1.2188322588651788,1.2670012953367875,1.2657378775581387,1.3693083949722842,1.1315932554022423
2025-01-17,1.2097205076453799,1.2710492227979275,1.260701024993399,1.3711247960418969,1.182451248864518
2025-01-24,1.2717979869234939,1.3431023316062176,1.3333146331543198,1.472120823696603,1.2190071411047827
2025-01-31,1.2991397723041953,1.4135362694300517,1.3847441906979212,1.5085107678525906,1.233310899964858
2025-02-07,1.3834316357389662,1.5001619170984455,1.4200509417267868,1.5212462162611242,1.3477426284835263
2025-02-14,1.326475025963592,1.5900259067357512,1.4886277503745626,1.5840358986902303,1.406545681189786
2025-02-21,1.3333137381694198,1.6612694300518134,1.51283635168451,1.5994959487031826,1.4462792656000318
2025-02-28,1.3492642015950465,1.6612694300518134,1.4109772896489023,1.5576361604171116,1.5257464344205227
2025-03-07,1.413046460133639,1.4823510362694299,1.4563577458072472,1.6458967396632844,1.5209774097084545
2025-03-14,1.398245579657607,1.5398316062176165,1.5269590520960563,1.6959406532232346,1.5193893924424966
2025-03-21,1.3617920430571069,1.5859779792746114,1.46845594857776,1.6522644638675512,1.590906529104809
2025-03-28,1.4027981894068544,1.6175518134715026,1.4977014024524473,1.6650102327367073,1.552764277236651
2025-04-04,1.2427514222823142,1.3803432642487046,1.2919587807401978,1.3902382891153198,1.3223128029333562
2025-04-11,1.3224906759678376,1.4264896373056994,1.3696214372347801,1.444823205349301,1.368403429321628
2025-04-18,1.3896955564699964,1.5382124352331605,1.4654313978851317,1.5348898652044638,1.458995007194149
2025-04-25,1.4631643577031854,1.674222797927461,1.5904990081790926,1.6540911853977867,1.5734250780747527
2025-05-02,1.4500747882089366,1.674222797927461,1.4765295476040499,1.6286099681200972,1.5180997500281799
2025-05-09,1.314966133025036,1.6507448186528497,1.5392767787071633,1.6995734553624597,1.5892356299356172
2025-05-16,1.2983494340263488,1.6394106217616577,1.5683271002791002,1.5849337787644138,1.6571407732550043
2025-05-23,1.2854296892860175,1.5973121761658031,1.522519792208489,1.5221647372565532,1.6733027443855797
2025-05-30,1.2706614674165082,1.6547927461139895,1.590669748943999,1.5458089125433847,1.7185728399318376
2025-06-06,1.2300472243450316,1.5633095854922279,1.481188331332211,1.417525587001999,1.7040187777239963
2025-06-13,1.2386625647456873,1.5487370466321242,1.5247638136901165,1.444823205349301,1.6134868748218039
2025-06-20,1.3088132515561826,1.520401554404145,1.5158243150703725,1.4484663279491488,1.6345040678438107
2025-06-27,1.3131176558958582,1.5633095854922279,1.5705589259918058,1.5139702915220512,1.6425949992374864
2025-07-04,1.3278858777653673,1.5892163212435233,1.6264033518851306,1.5794742550949532,1.68623232129004
2025-07-11,1.3469585039745524,1.556832901554404,1.5962432153413018,1.5994959487031826,1.7072677483307586
2025-07-18,1.3728045251765197,1.7244170984455958,1.7068344479249813,1.6886544080235388,1.731502416836298
2025-07-25,1.4084938503843918,1.7713730569948187,1.7481659088012595,1.6913893300885805,1.807488545720973
2025-08-01,1.4995656405332496,1.5276878238341969,1.7224694236828417,1.666816313345697,1.731502416836298
2025-08-08,1.5586319962899822,1.6968911917098446,2.091098735115826,1.839229928510169,1.896420827890755
2025-08-15,1.542635810815224,1.749514248704663,1.9838613389856656,1.9553454309772753,1.9659421683231997
2025-08-22,1.4675667378624289,1.6232189119170983,1.7917291953902432,1.7260454368599378,1.9950337163582355
2025-08-29,1.38634478344078,1.5495466321243523,1.7247134451644692,1.6675077842074248,1.941674347056366
2025-09-05,1.3949535921201315,1.5479274611398963,1.6956631235925321,1.6733594853805513,1.940066438133632
2025-09-12,1.399878509983736,1.5714054404145077,1.6900774614263074,1.6879938985436798,2.0128201727921917
2025-09-19,1.3949535921201315,1.6143134715025906,1.6811379628065637,1.6489619164682559,2.067787451016795
2025-09-26,1.393111646712258,1.593264248704663,1.6632711613359976,1.6557940614005482,2.1421490945980888
2025-10-03,1.3974160510519336,1.641029792746114,1.7057246329530895,1.7299465709753559,2.104968272807442
2025-10-10,1.393111646712258,1.6491256476683935,1.7369945844688104,1.737759159666814,2.0807336043019022
2025-10-17,1.3771154612375,1.6118847150259068,1.7403484209223292,1.7484924387145244,1.9788551688470133
2025-10-24,1.4312634308519325,1.7341321243523313,1.7995466832691733,1.8089806584247468,1.9788551688470133
2025-10-31,1.4337258897837346,1.6531735751295333,1.6733204749276334,1.7777612650407812,2.0966303533421295
2025-11-07,1.3518834218381568,1.7268458549222796,1.7034806114714622,1.6616457625736751,2.158874662670654
2025-11-14,1.3918771513857044,1.7802784974093262,1.6856138100008966,1.663596329631384,2.237496436078161
2025-11-21,1.399878509983736,1.715511658031088,1.6934312978798267,1.6274953583728347,2.113007817421113
2025-11-28,1.4503360570611172,1.7292746113989637,1.7660449060407473,1.7084800128799347,2.2276666423546416
2025-12-05,1.406645373255214,1.6896049222797929,1.7291770965898803,1.7065294458222258,2.311211600814232
2025-12-12,1.4023409689155382,1.7106541450777202,1.8207795169621805,1.7914255549053664,2.350514199327662
2025-12-19,1.4337258897837346,1.7802784974093262,1.8375243076919325,1.8567953524901721,2.4275114874317882
2025-12-26,1.4294149537227543,1.7859455958549222,1.8062543561762119,1.863627497422465,2.4193227553922965
2026-01-02,1.460799874590951,1.8523316062176163,1.8654526185230558,1.9407006973535241,2.434059157787252
2026-01-09,1.4921782637378427,1.7665155440414506,1.860988967097645,1.9280168512481048,2.440606828142716
2026-01-16,1.4921782637378427,1.7074158031088082,1.8397683291735598,1.9133824380849764,2.5093988078267038
2026-01-23,1.531558011482766,1.6896049222797929,1.8408781441454516,1.9485132860449825,2.511039869510731
2026-01-30,1.6214018380263748,1.749514248704663,1.9146015672782641,2.043151909956045,2.58639609593083
2026-02-06,1.726007354718189,1.793231865284974,2.0330102877408742,2.055835756061464,2.489755796760312
2026-02-13,1.6970848927817948,1.7057966321243523,1.961518690320767,1.9719304111981126,2.3587029313671537
2026-02-20,1.740775576587698,1.7729922279792745,1.9280047173234192,2.0168140944466635,2.507774322523323
2026-02-27,1.7075421785903238,1.6620790155440412,1.8766239428555054,2.040231219599793,2.5175875398661955
2026-03-06,1.4404927530552125,1.5066386010362693,1.7314089223025857,1.8665481877787167,2.2178368486311224
2026-03-13,1.4571029203325951,1.555213730569948,1.7403484209223292,1.8031289572516198,2.2391374977621887
2026-03-20,1.4724916557260335,1.675032383419689,1.7526295602266706,1.7758106979830721,2.1703455180782005
2026-03-27,1.4909503001325939,1.7397992227979273,1.780557871057794,1.7962968123193275,2.2031004462361667
2026-04-03,1.5697097956224404,1.8636658031088082,1.864342803551164,1.8763113435278842,2.2997407454066847
2026-04-10,1.7057002331824505,2.058775906735751,2.055352936405773,2.0685299226275067,2.4668140859452183
2026-04-17,1.7481564216618006,2.066062176165803,2.105623895901795,2.126097451981477,2.5618133234317084
2026-04-24,1.657750867086003,1.862046632124352,1.9559330281545424,2.0129129603312452,2.3865512508536835
2026-05-01,1.561734563909627,1.8353303108808288,1.8766239428555054,1.9729005344966555,2.372080070549076
2026-05-08,1.6139883343457502,1.7705634715025904,1.8799777793090244,1.9729005344966555,2.3869988131311457
2026-05-15,1.6544850064337453,1.882286269430052,1.886673256447141,1.9855843806020748,2.3140627382854717
2026-05-22,1.6851840965649678,1.865284974093264,1.9380662266839765,2.074381623800633,2.420151574424634
2026-05-29,1.8125526620030175,1.9737694300518134,1.9682263632278054,2.097798748953763,2.463250164106168
2026-06-05,1.7909979816981167,1.9616256476683938,1.8788557685682108,2.002179681283535,2.463250164106168
2026-06-12,1.9444934323542282,2.181832901554404,2.0257172179255853,2.1309687093954377,2.506348753787703
2026-06-19,1.898118211092169,2.212597150259067,2.09157437010378,2.144632999260023,2.7384180828421196
2026-06-26,1.8393327193515305,2.117066062176166,2.033034679278718,2.1104825950591826,2.7002924073546084
2026-07-03,1.8732976701350106,2.1656411917098444,2.0720611398287594,2.143652555500857,2.8610832996280258
2026-07-10,1.9555973585719044,2.2061204663212433,2.1708468680960515,2.2987897195827642,2.7864895867176775
2026-07-17,1.8425985800037885,2.108970207253886,2.0342542561709065,2.1748822693454453,2.6986347692899337
2026-07-24,1.7831599161326983,2.0110103626943006,2.0769394473975145,2.1709708147694045,2.633986884767632
2026-07-31,1.9131411700925542,1.993199481865285,2.390370708690034,2.279284049005675,2.763282653812236
2026-08-07,1.9216324077884246,2.0863018134715023,2.4623257453291734,2.347904791686662,2.8627409376927004
2026-08-14,1.9327363340061006,2.1097797927461137,2.5233045899386126,2.5625703726408715,2.8726867660807467
2026-08-21,1.923591924179779,2.0433937823834194,2.519645859262046,2.629653366689062,2.852795109304654
2026-08-28,1.9131411700925542,1.9964378238341969,2.4879368600651377,2.6183008600039837,2.8992089751155374
2026-09-04,1.922285579918876,2.0765867875647666,2.569648511841787,2.696736360737252,2.930704098344351
2026-09-11,1.926204612701585,2.1583549222797926,2.602577087930884,2.7803320917819203,2.8511374712399795
2026-09-18,1.9007308996139753,2.0952072538860103,2.605016241715262,2.759691170536323,2.8196423480111656
