,pbv_pko,pbv_peo,pbv_san,pbv_ing,pbv_mbk,wibor_3m,rentownosc_10y,eurpln,wig20,zmiennosc,target_y
2014-12-05,1.3046403887098288,1.2145525319315562,1.6437420847782411,0.868788718404475,1.590650406504065,2.06,2.553157895,4.156,2438.42,0.1060440827818712,0
2014-12-12,1.2671151938853333,1.1858601089089256,1.5342037038264917,0.83748072248216,1.5263414634146342,2.06,2.553157895,4.1809,2360.0,0.1167073987529923,0
2014-12-19,1.2220870241880635,1.1686919114843988,1.5753446229536456,0.797154769061871,1.5504878048780488,2.06,2.553157895,4.2638,2310.88,0.1602270938424131,1
2014-12-26,1.2296209604427064,1.1628469782096893,1.5889090752368764,0.8195558982669838,1.5826016260162603,2.06,2.553157895,4.3726,2323.04,0.1621961415644262,0
2015-01-02,1.2371548966973491,1.1456897423187054,1.5753446229536456,0.8105967535353007,1.5745528455284554,2.06,2.211,4.2991,2309.39,0.1635480486955966,0
2015-01-09,1.2521402055216528,1.134310452553002,1.3012392502171506,0.8195558982669838,1.590650406504065,2.05,2.211,4.2674,2337.21,0.2046278852245837,0
2015-01-16,1.1471398391453007,1.105614375685857,1.4656454511096229,0.8016376088036177,1.4219512195121953,2.03,2.211,4.3021,2252.33,0.2326985170846818,1
2015-01-23,1.1471398391453007,1.151467688443986,1.5479140282594137,0.8016376088036177,1.4701626016260163,2.02,2.211,4.2008,2319.59,0.2199500432494289,0
2015-01-30,1.1921164065394567,1.151467688443986,1.452076025912198,0.7926261860574534,1.4782113821138212,2.0,2.211,4.1834,2341.0,0.2174898376193636,1
2015-02-06,1.1622077116545866,1.2259257319564023,1.5204900641174404,0.7926261860574534,1.3656910569105691,1.97,2.196,4.1566,2354.47,0.1728728765100172,0
2015-02-13,1.1396781461150174,1.1800821627836449,1.5616260103304003,0.7926261860574534,1.3335772357723579,1.94,2.196,4.1843,2346.95,0.1079712149747703,1
2015-02-20,1.1246102736057315,1.1743139602437358,1.6574839043343919,0.756835350393392,1.3416260162601625,1.86,2.196,4.1663,2348.94,0.0734740726723769,1
2015-02-27,1.1321442098603742,1.1628469782096893,1.6163363546549792,0.756835350393392,1.4058536585365855,1.81,2.196,4.1457,2367.1,0.0687193286563849,0
2015-03-06,1.1771207772545305,1.1571689038344661,1.6163363546549792,0.7479284836761899,1.3576422764227642,1.65,2.325454545,4.1279,2345.93,0.0930458430939581,1
2015-03-13,1.1921164065394567,1.1743139602437358,1.6026193996697984,0.7613639333978095,1.3496747967479674,1.65,2.325454545,4.1466,2303.4,0.1051114831408239,1
2015-03-20,1.2146253311577802,1.1858601089089256,1.671346731469264,0.7613639333978095,1.4139024390243904,1.65,2.325454545,4.1333,2407.7,0.1284869385178119,0
2015-03-27,1.1396781461150174,1.151467688443986,1.726015634842226,0.756835350393392,1.3416260162601625,1.65,2.325454545,4.0988,2373.18,0.1322823686765527,1
2015-04-03,1.1546737753999434,1.151467688443986,1.767058753323564,0.7479284836761899,1.3496747967479674,1.65,2.3675,4.0635,2400.65,0.1192419877152506,1
2015-04-10,1.1546737753999434,1.1686919114843988,1.726015634842226,0.8105967535353007,1.4058536585365855,1.65,2.3675,4.0254,2443.62,0.1070433889795814,1
2015-04-17,1.2220870241880635,1.1858601089089256,1.6300417061737071,0.8195036202525028,1.4379674796747968,1.65,2.3675,4.0275,2463.96,0.1302656779461788,1
2015-04-24,1.2220870241880635,1.2030952934828811,1.6163363546549792,0.8102896202002248,1.4782113821138212,1.65,2.3675,4.0377,2519.2,0.1227650870342428,0
2015-05-01,1.2220870241880635,1.1743139602437358,1.4382214869676495,0.8149750372480852,1.373739837398374,1.65,2.82,4.0731,2514.63,0.1288847023449331,1
2015-05-08,1.2821108231702596,1.2145525319315562,1.4382214869676495,0.8563792247170452,1.43,1.66,2.82,4.0458,2546.78,0.1327566792896636,0
2015-05-15,1.1695868409998875,1.1800821627836449,1.4246520617702247,0.8655932247693232,1.3978048780487806,1.67,2.82,4.0402,2514.84,0.123379433683763,0
2015-05-22,1.1846547135091732,1.1800821627836449,1.4382214869676495,0.8471652246647672,1.3496747967479674,1.68,2.82,4.1077,2516.76,0.090585704244452,0
2015-05-29,1.0796543471328213,1.151467688443986,1.3972280976282514,0.8471652246647672,1.3416260162601625,1.68,2.82,4.1106,2437.81,0.1026803396672612,0
2015-06-05,1.072120410878178,1.0999241218289197,1.4109384220611734,0.7919596413728207,1.2853658536585366,1.68,3.19,4.1607,2365.58,0.1059690413698484,0
2015-06-12,1.0871882833874642,1.1113046295427944,1.3836586724308269,0.8102896202002248,1.2934146341463415,1.71,3.19,4.1381,2358.73,0.1248006003734795,0
2015-06-19,1.0271490037143338,1.1094423867886727,1.3698008182101487,0.7550840369082781,1.2291056910569107,1.72,3.19,4.1842,2299.35,0.1368542786401355,1
2015-06-26,1.0421394727689484,1.1578935829964692,1.4656454511096229,0.7550840369082781,1.213089430894309,1.72,3.19,4.1765,2333.82,0.1559912953118681,0
2015-07-03,0.9971752899275399,1.12147084292975,1.452076025912198,0.7550840369082781,1.1729268292682928,1.72,3.16,4.192,2278.17,0.1708254819233953,0
2015-07-10,1.0271490037143338,1.0670797134898722,1.3698008182101487,0.7182149671955459,1.156829268292683,1.72,3.16,4.175,2270.84,0.184886862822809,1
2015-07-17,1.0271490037143338,1.097315276845709,1.4246520617702247,0.7136341061766474,1.1487804878048782,1.72,3.16,4.1094,2285.03,0.1833243612714152,0
2015-07-24,0.9522090429940068,1.0064271125006545,1.3972280976282514,0.6860313145306741,1.0604065040650408,1.72,3.16,4.143,2187.67,0.1986251620803801,1
2015-07-31,0.9672758834572304,1.0305668452584669,1.3560904937772267,0.736695245314583,1.1166666666666667,1.72,3.16,4.1426,2227.51,0.1996782775355084,0
2015-08-07,0.8922585192822325,1.151880572874102,1.3560904937772267,0.8149750372480852,0.9961788617886179,1.72,2.881904762,4.1835,2196.78,0.1999963326009905,1
2015-08-14,0.9147777643611789,1.1578935829964692,1.3012392502171506,0.8333638288417805,1.052357723577236,1.72,2.881904762,4.1834,2198.22,0.2027988262132809,0
2015-08-21,0.9296908299611228,1.1457676910016772,1.2465355364448303,0.8149750372480852,1.0121951219512195,1.72,2.881904762,4.2254,2179.73,0.173975781943133,1
2015-08-28,0.9597429792486498,1.151880572874102,1.2329644536093411,0.7919596413728207,1.0765040650406505,1.72,2.881904762,4.2142,2145.12,0.2764169367941396,0
2015-09-04,0.9597429792486498,1.1457676910016772,1.1232669394033827,0.7688854327312648,1.0845528455284554,1.72,2.910909091,4.2288,2146.47,0.2805700210276188,1
2015-09-11,0.982187917011112,1.1822013926019392,1.164402885616343,0.7735251065164545,1.1166666666666667,1.72,2.910909091,4.2074,2185.46,0.2802551703503887,0
2015-09-18,0.982187917011112,1.13975468087931,1.164402885616343,0.7596648979271767,1.0845528455284554,1.72,2.910909091,4.2054,2168.19,0.2787127411827331,0
2015-09-25,0.9446761387854262,1.1337416707569425,1.0958396599852802,0.7412368978226207,1.044390243902439,1.72,2.910909091,4.2281,2091.73,0.1829771350159657,0
2015-10-02,0.9446761387854262,1.0913826513026563,0.9862863602909486,0.7504966411375696,1.044390243902439,1.73,2.660909091,4.2478,2036.32,0.1569385676530562,1
2015-10-09,1.019704855467109,1.1033282869680763,1.1505466890337297,0.8011213634106177,1.1407317073170733,1.73,2.660909091,4.2201,2143.28,0.1765671795626978,0
2015-10-16,0.982187917011112,1.11545539691104,1.164402885616343,0.8011213634106177,1.1407317073170733,1.73,2.660909091,4.2364,2121.94,0.1720233418406554,0
2015-10-23,0.982187917011112,1.11545539691104,1.136980579112434,0.7964947591290483,1.1327642276422765,1.73,2.660909091,4.2493,2107.43,0.1447755253542052,0
2015-10-30,0.9372237341697034,1.0791045157864352,1.1505466890337297,0.7596648979271767,1.0363414634146342,1.73,2.660909091,4.24994,2060.03,0.1430420183276426,0
2015-11-06,0.9221568937064798,1.0487776063177408,1.164402885616343,0.7182149671955459,0.9961788617886179,1.73,2.726,4.2693,2019.78,0.1098048161180737,0
2015-11-13,0.8697258576044766,0.9881323130175518,1.205396274955741,0.695193036568471,0.9399186991869918,1.73,2.726,4.2411,1978.87,0.1167940649724156,1
2015-11-20,0.884729743257901,1.0064271125006545,1.1916842928847544,0.6906121755495725,0.9560162601626015,1.73,2.726,4.2405,2021.99,0.1469496919163689,0
2015-11-27,0.8397573040479942,0.970000718589421,1.205396274955741,0.6675967796743079,0.8676422764227641,1.73,2.726,4.2713,1936.05,0.1668629226246675,0
2015-12-04,0.8173133983315942,0.9760198184526455,1.205396274955741,0.6629571058891183,0.8676422764227641,1.72,2.957,4.3145,1868.24,0.1696978560230806,0
2015-12-11,0.8022465578683707,0.9518788677466619,1.136980579112434,0.6537888490995112,0.8676422764227641,1.72,2.957,4.3653,1757.37,0.2132475150466141,1
2015-12-18,0.8622796452651275,1.0427645961953733,1.0409917317013333,0.6813393627310035,0.9158536585365854,1.72,2.957,4.27352,1858.87,0.2360623805080771,1
2015-12-25,0.8622796452651275,1.0185420429619039,1.05470371377232,0.7044135713725592,0.9318699186991871,1.72,2.957,4.23886,1879.75,0.2235554740527628,0
2016-01-01,0.8622796452651275,1.0003251921617728,1.0684156958433069,0.6813393627310035,0.8997560975609756,1.72,2.996842105,4.26333,1859.15,0.2255079895201515,0
2016-01-08,0.7947910571144611,0.9214715736986528,0.9314367743689371,0.6722299187076874,0.8355284552845529,1.72,2.996842105,4.3639,1725.14,0.2539993757997462,0
2016-01-15,0.7572803109348376,0.9518788677466619,0.9177264499360152,0.6675967796743079,0.8194308943089431,1.7,2.996842105,4.48024,1734.87,0.2513721336762026,0
2016-01-22,0.7572803109348376,0.9154524738354284,0.9314367743689371,0.6031745824293593,0.8194308943089431,1.7,2.996842105,4.45929,1727.22,0.2700832855143359,1
2016-01-29,0.7797231846051752,0.9518788677466619,0.9177264499360152,0.6353601955197741,0.8997560975609756,1.7,2.996842105,4.41985,1780.25,0.2833984933188282,0
2016-02-05,0.7648121830973559,0.9881323130175518,0.8628768640140037,0.6445755025224141,0.8997560975609756,1.69,3.03,4.40893,1790.87,0.2717936975672764,0
2016-02-12,0.7797231846051752,0.9639901443633968,0.7807442131855162,0.6077560969234388,0.8997560975609756,1.69,3.03,4.39712,1765.53,0.2352331568427483,1
2016-02-19,0.7947910571144611,1.024555053084271,0.8355937991075275,0.6445755025224141,0.9399186991869918,1.69,3.03,4.36962,1841.06,0.216428197018584,0
2016-02-26,0.7872571208598182,1.0305668452584669,0.8220243739101029,0.6584285228847008,0.9238211382113822,1.68,3.03,4.36845,1844.57,0.2177766899061917,1
2016-03-04,0.8173133983315942,1.0609753572546474,0.9177264499360152,0.6860313145306741,0.9318699186991871,1.67,2.89,4.32118,1873.51,0.1980896644984728,1
2016-03-11,0.8472138368479663,1.0670797134898722,0.9588607385109106,0.6768107797265859,0.9720325203252033,1.67,2.89,4.29214,1910.87,0.199073309258555,1
2016-03-18,0.8472138368479663,1.0913826513026563,1.0,0.6906121755495725,0.9479674796747967,1.67,2.89,4.2628,1961.97,0.1682998140291034,0
2016-03-25,0.8097784300308891,1.0791045157864352,0.9725727205818971,0.6906121755495725,0.9560162601626015,1.67,2.89,4.26898,1936.19,0.1611289592603165,0
2016-04-01,0.8472138368479663,1.1033282869680763,0.8628768640140037,0.6675967796743079,0.9399186991869918,1.67,2.952857143,4.25498,1973.24,0.1795197366111788,0
2016-04-08,0.832222335747289,1.0366712014936916,0.8493074388165791,0.6584285228847008,0.9318699186991871,1.67,2.952857143,4.29485,1919.42,0.185838149672221,1
2016-04-15,0.8097784300308891,1.0548819625529655,0.9040111525888991,0.7044135713725592,0.9318699186991871,1.67,2.952857143,4.29563,1939.95,0.1943840779713285,1
2016-04-22,0.7872571208598182,1.0730111210847533,1.013710324432922,0.7103863345270146,0.8997560975609756,1.67,2.952857143,4.3636,1943.03,0.1742535278596194,0
2016-04-29,0.7572803109348376,1.0548819625529655,1.0409917317013333,0.7103863345270146,0.8676422764227641,1.67,2.952857143,4.3732,1896.64,0.1503496935027325,0
2016-05-06,0.7648121830973559,1.0427645961953733,0.9040111525888991,0.7009109444023315,0.8676422764227641,1.67,3.04,4.43284,1852.71,0.1411638354622564,0
2016-05-13,0.7123140640013045,1.0003251921617728,0.9588607385109106,0.6818098648613325,0.8355284552845529,1.67,3.04,4.41173,1815.38,0.1157587233351804,0
2016-05-20,0.7123140640013045,0.9760198184526455,0.9452913133134858,0.6961209713255091,0.8194308943089431,1.67,3.04,4.41542,1806.38,0.1546442227641934,1
2016-05-27,0.7497453426341324,1.0124474303120505,0.8904417273914743,0.7199662806806597,0.8676422764227641,1.68,3.04,4.38639,1839.22,0.1628289590984973,0
2016-06-03,0.7198480002559474,0.970000718589421,0.9725727205818971,0.6961209713255091,0.8595934959349593,1.68,3.11,4.38616,1793.43,0.1940212952380328,0
2016-06-10,0.7123140640013045,0.9639901443633968,0.9040111525888991,0.7103863345270146,0.8113821138211382,1.68,3.11,4.37514,1782.02,0.2187631043585814,1
2016-06-17,0.7198480002559474,0.9760198184526455,0.9314367743689371,0.7199662806806597,0.8194308943089431,1.7,3.11,4.42015,1754.45,0.211884712528018,0
2016-06-24,0.7422908739262851,0.9595093130406928,0.8220243739101029,0.7151763076038371,0.8194308943089431,1.71,3.11,4.4496,1769.67,0.286426685647247,0
2016-07-01,0.7047790957005993,0.9466721393137836,0.7807442131855162,0.7390673602216588,0.8194308943089431,1.71,2.888571429,4.41143,1744.56,0.2685829550379729,0
2016-07-08,0.6897917227841712,0.9016299800378295,0.7533185914054781,0.7247562537574823,0.827479674796748,1.71,2.888571429,4.41266,1705.43,0.257013474489242,1
2016-07-15,0.7198480002559474,0.895127354750546,0.8628768640140037,0.7247562537574823,0.827479674796748,1.71,2.888571429,4.41039,1759.41,0.2564116298172093,1
2016-07-22,0.7347579697177044,0.9016299800378295,0.8628768640140037,0.7437593120213294,0.8355284552845529,1.71,2.888571429,4.358,1792.97,0.170841025090878,0
2016-07-29,0.7198480002559474,0.8694335201259845,0.8628768640140037,0.7723815249496823,0.8113821138211382,1.71,2.888571429,4.35588,1759.74,0.1658708860808724,1
2016-08-05,0.832222335747289,0.9531723287047242,0.8081681773274896,0.8010168073816557,0.9399186991869918,1.71,2.71,4.27974,1825.45,0.1680058623121426,1
2016-08-12,0.832222335747289,0.9982059623434784,0.8628768640140037,0.8296520898136289,0.988130081300813,1.71,2.71,4.27301,1857.7,0.1494721523130045,0
2016-08-19,0.7797231846051752,0.9659352075931761,0.8220243739101029,0.8200786784117938,0.9720325203252033,1.71,2.71,4.31438,1800.17,0.1571180958276947,1
2016-08-26,0.7872571208598182,0.9531723287047242,0.8628768640140037,0.8487074260919569,0.9800813008130081,1.71,2.71,4.33057,1775.9,0.1482189422671148,1
2016-09-02,0.7797231846051752,0.9659352075931761,0.8767297453204878,0.8534908644169693,1.0202439024390244,1.71,2.85,4.36619,1767.55,0.1122259917616176,0
2016-09-09,0.7872571208598182,0.9531723287047242,0.8493074388165791,0.8010168073816557,0.9560162601626015,1.71,2.85,4.33888,1754.12,0.1411228418401205,1
2016-09-16,0.7947910571144611,0.9659352075931761,0.9040111525888991,0.8153867266121233,0.9238211382113822,1.71,2.85,4.31021,1734.26,0.1438626951570228,1
2016-09-23,0.8097784300308891,0.9788625094847714,0.9040111525888991,0.8487074260919569,0.9318699186991871,1.71,2.85,4.30114,1762.48,0.1557454668727215,0
2016-09-30,0.7722676838512655,0.9402462447613004,0.8355937991075275,0.8487074260919569,0.9078048780487805,1.71,2.85,4.29529,1709.51,0.1472989509585419,1
2016-10-07,0.7722676838512655,0.9788625094847714,0.8904417273914743,0.8487074260919569,0.9238211382113822,1.71,3.01,4.28391,1751.72,0.1301822272126133,0
2016-10-14,0.7497453426341324,0.9144744614537673,0.8904417273914743,0.8343897848759704,0.9158536585365854,1.72,3.01,4.3089,1719.64,0.1396289058139062,1
2016-10-21,0.7722676838512655,0.9209734328965364,0.9452913133134858,0.7914956739943015,0.8917073170731707,1.72,3.01,4.33028,1752.25,0.1379784062516896,1
2016-10-28,0.8173133983315942,0.9402462447613004,1.0,0.8200786784117938,0.9158536585365854,1.72,3.01,4.33806,1817.79,0.1389005037008351,0
2016-11-04,0.7947910571144611,0.8887806268292059,1.0,0.8248098387223253,0.8836585365853659,1.72,3.41,4.32845,1758.22,0.1647493301262856,1
2016-11-11,0.7797231846051752,0.9274017633453625,1.013710324432922,0.839179757952793,0.9158536585365854,1.73,3.41,4.42109,1796.75,0.1659598914041748,0
2016-11-18,0.7347579697177044,0.8822804374382652,0.9725727205818971,0.8105444755208197,0.875691056910569,1.73,3.41,4.43921,1725.74,0.173704240847718,0
2016-11-25,0.7497453426341324,0.8758569787821249,0.9725727205818971,0.8248098387223253,0.8434959349593497,1.73,3.41,4.41938,1796.3,0.1854552253371269,1
2016-12-02,0.7497453426341324,0.8629321127868723,0.9588607385109106,0.8534908644169693,0.8434959349593497,1.73,3.54,4.48363,1783.57,0.1589418763891762,1
2016-12-09,0.7947910571144611,0.9144744614537673,1.1096975142059582,0.8629727892934625,0.8997560975609756,1.73,3.54,4.45059,1899.76,0.2136153248298437,1
2016-12-16,0.8022465578683707,0.9209734328965364,1.164402885616343,0.9059191781896123,0.9078048780487805,1.73,3.54,4.4181,1918.54,0.1980532151404239,0
2016-12-23,0.8173133983315942,0.9209734328965364,1.1096975142059582,0.8868115638968032,0.8676422764227641,1.73,3.54,4.40533,1933.6,0.1934595947640893,1
2016-12-30,0.8173133983315942,0.9338276578978458,1.1505466890337297,0.9107091512664348,0.8836585365853659,1.73,3.54,4.40511,1947.92,0.180860746106352,1
2017-01-06,0.8771937429111336,0.9725267430969742,1.1505466890337297,0.9201845413911178,0.8917073170731707,1.73,3.68,4.35654,1998.76,0.1422922168236744,1
2017-01-13,0.8622796452651275,0.9531723287047242,1.1779723108137676,0.9534987061191416,0.9399186991869918,1.73,3.68,4.38251,2015.89,0.1026895806718999,0
2017-01-20,0.8697258576044766,0.9531723287047242,1.164402885616343,0.939285620932117,0.9238211382113822,1.73,3.68,4.36981,2006.01,0.0913449524012331,1
2017-01-27,0.899717116174329,1.0239801815473544,1.260247518515817,0.948813289071281,1.0202439024390244,1.73,3.68,4.33544,2084.05,0.1429206209430501,1
2017-02-03,0.899717116174329,1.0047158953197906,1.2329644536093411,1.0251326554617455,1.0282926829268293,1.73,3.81,4.30512,2076.12,0.1553507162966549,1
2017-02-10,0.9672758834572304,1.0497544007512305,1.1096975142059582,1.0441814569882635,1.1166666666666667,1.73,3.81,4.2959,2154.79,0.1724690873700936,1
2017-02-17,0.9897208212196926,1.056181513251885,1.136980579112434,1.0393980186632512,1.0604065040650408,1.73,3.81,4.32979,2188.3,0.1815204106443157,0
2017-02-24,0.982187917011112,1.043249339567604,1.1232669394033827,1.0823901508220717,1.0604065040650408,1.73,3.81,4.31408,2212.04,0.1819757366685025,1
2017-03-03,1.0047081941361207,1.043249339567604,1.1779723108137676,1.0584990982042501,1.044390243902439,1.73,3.66,4.30339,2232.98,0.197082039703409,0
2017-03-10,0.9372237341697034,0.9982059623434784,1.2329644536093411,1.0251326554617455,1.004227642276423,1.73,3.66,4.33844,2200.03,0.191132756193066,1
2017-03-17,0.9672758834572304,1.0239801815473544,1.2465355364448303,1.0537091251274275,1.044390243902439,1.73,3.66,4.28249,2296.97,0.2038438358338527,0
2017-03-24,0.9597429792486498,0.9982059623434784,1.260247518515817,1.0441814569882635,1.044390243902439,1.73,3.66,4.26123,2234.82,0.1863096182680773,0
2017-03-31,0.9221568937064798,0.9725267430969742,1.2465355364448303,1.020388425647594,0.9720325203252033,1.73,3.66,4.23042,2175.96,0.1714974936368575,1
2017-04-07,0.9597429792486498,1.0047158953197906,1.2465355364448303,1.0155527093081003,0.9961788617886179,1.73,3.42,4.22569,2248.33,0.1813170147885956,0
2017-04-14,0.9221568937064798,0.9788625094847714,1.205396274955741,0.9964973730297723,0.988130081300813,1.73,3.42,4.2404,2233.63,0.1508868198938654,1
2017-04-21,0.9372237341697034,0.9725267430969742,1.2739561853106744,1.020388425647594,1.0202439024390244,1.73,3.42,4.26772,2264.07,0.1506109314851163,1
2017-04-28,1.012240066298639,1.0368319706523208,1.3423768540681753,1.0584990982042501,1.1086178861788618,1.73,3.42,4.22525,2376.87,0.165291410009819,1
2017-05-05,1.0496837294842143,1.0304060760998377,1.3423768540681753,1.0727644614057557,1.1327642276422765,1.73,3.35,4.20586,2382.17,0.1405980414056659,0
2017-05-12,1.0271490037143338,1.043249339567604,1.3012392502171506,1.0537091251274275,1.1166666666666667,1.73,3.35,4.21638,2368.5,0.1621828518884793,0
2017-05-19,0.9971752899275399,1.011057751448445,1.2739561853106744,1.0393980186632512,1.0926016260162603,1.73,3.35,4.19387,2328.7,0.1777854981037003,1
2017-05-26,1.012240066298639,1.011057751448445,1.2465355364448303,1.0489191520506052,1.0926016260162603,1.73,3.35,4.18436,2326.28,0.1636167107534789,1
2017-06-02,1.0047081941361207,0.9788625094847714,1.2739561853106744,1.0584990982042501,1.1327642276422765,1.73,3.19,4.18308,2303.21,0.1728175863898429,0
2017-06-09,1.0047081941361207,0.9531723287047242,1.2876714826577906,1.0393980186632512,1.1407317073170733,1.73,3.19,4.18682,2330.72,0.1735649042685604,0
2017-06-16,0.9897208212196926,0.9338276578978458,1.3423768540681753,1.0251326554617455,1.1407317073170733,1.73,3.19,4.20973,2304.5,0.1635807856391815,1
2017-06-23,0.9522090429940068,0.9454505372978358,1.3012392502171506,1.0632367932665918,1.1407317073170733,1.73,3.19,4.223,2304.48,0.1491525724204861,1
2017-06-30,0.9672758834572304,0.9660984126481481,1.260247518515817,1.0489191520506052,1.1808943089430894,1.73,3.19,4.23179,2299.8,0.1516202695033369,1
2017-07-07,0.9746457243879709,0.9660984126481481,1.2739561853106744,1.0489191520506052,1.164878048780488,1.73,3.3,4.23326,2295.82,0.1382255464469418,1
2017-07-14,0.982187917011112,1.0075622401964308,1.2329644536093411,1.0775609692343884,1.213089430894309,1.73,3.3,4.20351,2350.43,0.1425035883420511,0
2017-07-21,1.0047081941361207,0.9937446181915175,1.2465355364448303,1.0870821026217423,1.1729268292682928,1.73,3.3,4.26833,2343.1,0.1334018306349001,1
2017-07-28,1.034688100199288,0.9867462879984604,1.4382214869676495,1.1251862404265887,1.100569105691057,1.73,3.3,4.2543,2360.42,0.1155760074305786,0
2017-08-04,1.0047081941361207,1.0626877923836828,1.3972280976282514,1.0918132629322737,1.0926016260162603,1.73,3.33,4.24495,2380.16,0.1050047303831853,1
2017-08-11,1.0047081941361207,1.069597212360225,1.3836586724308269,1.0775609692343884,1.0765040650406505,1.73,3.33,4.28678,2371.72,0.1117869822479276,0
2017-08-18,0.9897208212196926,1.0213116571037437,1.3560904937772267,1.0918132629322737,1.0363414634146342,1.73,3.33,4.27113,2359.87,0.11026189017691,1
2017-08-25,1.012240066298639,1.0420289554998277,1.3560904937772267,1.110927411976893,1.0845528455284554,1.73,3.33,4.26025,2471.74,0.1403024319696234,1
2017-09-01,1.0047081941361207,1.0626877923836828,1.4109384220611734,1.1348184645947146,1.0684552845528457,1.73,3.26,4.25417,2527.62,0.1682374072401598,0
2017-09-08,0.9746457243879709,1.0558587569864553,1.3560904937772267,1.1395561596570563,1.052357723577236,1.73,3.26,4.24408,2483.58,0.1594249311489588,1
2017-09-15,0.9446761387854262,1.0972348922663944,1.3836586724308269,1.1395561596570563,1.0684552845528457,1.73,3.26,4.27943,2498.32,0.156281904070563,1
2017-09-22,0.9746457243879709,1.069597212360225,1.3972280976282514,1.1442938547193977,1.0926016260162603,1.73,3.26,4.26781,2480.73,0.1337079991528811,0
2017-09-29,0.9672758834572304,1.069597212360225,1.4656454511096229,1.1395561596570563,1.044390243902439,1.73,3.26,4.3131,2453.46,0.0957859645209285,1
2017-10-06,0.9446761387854262,1.0626877923836828,1.4656454511096229,1.1157043155500954,1.044390243902439,1.73,3.38,4.31119,2479.46,0.1089331244134313,1
2017-10-13,0.9971752899275399,1.0833454113193668,1.3836586724308269,1.110927411976893,1.1327642276422765,1.73,3.38,4.24888,2528.16,0.118473528823373,0
2017-10-20,1.012240066298639,1.0420289554998277,1.3698008182101487,1.0584990982042501,1.1166666666666667,1.73,3.38,4.23571,2465.51,0.1246644460346798,0
2017-10-27,1.0047081941361207,0.9867462879984604,1.314952889926202,1.0918132629322737,1.0765040650406505,1.73,3.38,4.24646,2488.5,0.1247531060863583,1
2017-11-03,1.034688100199288,1.000651602271717,1.3288090865088154,1.0870821026217423,1.0926016260162603,1.73,3.39,4.24491,2494.52,0.1261387712383532,0
2017-11-10,1.0572073452782345,0.9937446181915175,1.3012392502171506,1.0727644614057557,1.1086178861788618,1.73,3.39,4.22737,2457.62,0.1297003665330811,1
2017-11-17,1.0796543471328213,1.0075622401964308,1.260247518515817,1.0918132629322737,1.1247154471544716,1.73,3.39,4.23327,2443.83,0.1441309752994922,1
2017-11-24,1.117158901036071,1.0558587569864553,1.2739561853106744,1.1013932090859189,1.1407317073170733,1.73,3.39,4.20858,2479.25,0.1522030909516691,1
2017-12-01,1.1097178489270334,1.0351195355232852,1.3698008182101487,1.0966620487753873,1.1327642276422765,1.73,3.27,4.21399,2389.92,0.1596206495703105,0
2017-12-08,1.1097178489270334,1.0282101155467431,1.2876714826577906,1.1061309041482603,1.1247154471544716,1.72,3.27,4.19872,2408.83,0.146229823743011,1
2017-12-15,1.1471398391453007,1.0488689524305983,1.2876714826577906,1.0966620487753873,1.1407317073170733,1.72,3.27,4.20526,2416.95,0.1383250219390079,1
2017-12-22,1.1471398391453007,1.0351195355232852,1.3012392502171506,1.1251862404265887,1.164878048780488,1.72,3.27,4.19111,2445.65,0.1465193612148325,1
2017-12-29,1.1771207772545305,1.0558587569864553,1.3288090865088154,1.110927411976893,1.1327642276422765,1.72,3.27,4.17669,2461.21,0.1366000658522119,1
2018-01-05,1.1771207772545305,1.0904168184027097,1.3288090865088154,1.1634014690122068,1.205040650406504,1.72,3.32,4.15357,2529.55,0.1563538453625264,1
2018-01-12,1.2071739585881196,1.069597212360225,1.3560904937772267,1.1777125754763833,1.1808943089430894,1.72,3.32,4.17004,2539.29,0.1578485063759776,1
2018-01-19,1.2296209604427064,1.0972348922663944,1.3836586724308269,1.1729226023995607,1.2773170731707317,1.72,3.32,4.17314,2601.82,0.1471838296561016,1
2018-01-26,1.2146253311577802,1.1317892998381345,1.4109384220611734,1.1777125754763833,1.2934146341463415,1.72,3.32,4.13735,2600.48,0.147414736851017,0
2018-02-02,1.1921164065394567,1.0904168184027097,1.3972280976282514,1.1871879656010664,1.2211382113821139,1.72,3.39,4.16934,2507.24,0.1270168690142691,0
2018-02-09,1.1321442098603742,1.0420289554998277,1.3560904937772267,1.0679810230807434,1.1407317073170733,1.72,3.39,4.18355,2382.79,0.1885860960714936,1
2018-02-16,1.1097178489270334,1.0488689524305983,1.3012392502171506,1.0823901508220717,1.1327642276422765,1.72,3.39,4.15838,2406.96,0.1865414705348894,1
2018-02-23,1.1622077116545866,1.0765066323367676,1.3288090865088154,1.0584990982042501,1.1327642276422765,1.72,3.39,4.17374,2406.11,0.1783473624145553,0
2018-03-02,1.117158901036071,1.000651602271717,1.2876714826577906,1.0393980186632512,1.0604065040650408,1.72,3.27,4.19116,2314.23,0.1961012821623804,0
2018-03-09,1.0946293354965018,1.0213116571037437,1.2876714826577906,1.0155527093081003,1.0765040650406505,1.71,3.27,4.19253,2354.54,0.1579010505313367,0
2018-03-16,1.0421394727689484,0.9522759188505492,1.2876714826577906,1.0775609692343884,1.0604065040650408,1.7,3.27,4.21761,2285.08,0.1577500074429614,0
2018-03-23,1.0496837294842143,0.9660984126481481,1.2329644536093411,1.0489191520506052,1.004227642276423,1.7,3.27,4.22815,2257.22,0.2018039171717039,0
2018-03-30,1.0421394727689484,0.9591926465161201,1.205396274955741,1.0346603236009095,0.9961788617886179,1.7,3.27,4.21367,2210.38,0.1928488195713738,1
2018-04-06,1.019704855467109,0.9522759188505492,1.2329644536093411,1.0393980186632512,1.0282926829268293,1.7,3.06,4.19824,2258.8,0.2160543130435374,0
2018-04-13,1.0647412815328772,0.9591926465161201,1.2329644536093411,1.0584990982042501,1.0282926829268293,1.7,3.06,4.16784,2310.32,0.2043793334293437,1
2018-04-20,1.0572073452782345,0.9454505372978358,1.2465355364448303,1.029818072509606,1.052357723577236,1.7,3.06,4.17304,2298.2,0.1719690811245146,1
2018-04-27,1.072120410878178,0.9178067676508094,1.2465355364448303,1.0420707321535927,1.0604065040650408,1.7,3.06,4.2101,2276.41,0.1439239457912273,0
2018-05-04,1.0496837294842143,0.9108985656224384,1.2329644536093411,1.0420707321535927,1.0202439024390244,1.7,3.23,4.2459,2233.35,0.1565541220530272,0
2018-05-11,1.0946293354965018,0.9454505372978358,1.2329644536093411,1.071169981964085,1.0765040650406505,1.7,3.23,4.26461,2329.36,0.1694005717455366,1
2018-05-18,1.0496837294842143,0.9040658763806965,1.3012392502171506,1.0323404867083148,1.0121951219512195,1.7,3.23,4.30175,2230.32,0.1802923360607061,0
2018-05-25,1.012240066298639,0.8901678697964687,1.164402885616343,1.0129780170949108,1.032520325203252,1.7,3.23,4.31535,2213.24,0.1960477353715403,0
2018-06-01,0.9746457243879709,0.9178067676508094,1.136980579112434,1.0323404867083148,1.016260162601626,1.7,3.21,4.30372,2190.26,0.2079332199729787,1
2018-06-08,1.012240066298639,0.9454505372978358,1.136980579112434,1.0129780170949108,1.024390243902439,1.7,3.21,4.27807,2250.06,0.1871099560471849,1
2018-06-15,1.0047081941361207,0.9178067676508094,1.164402885616343,0.9112188619076247,0.983739837398374,1.7,3.21,4.2864,2203.01,0.1798382168712095,0
2018-06-22,0.9746457243879709,0.9040658763806965,1.1096975142059582,0.9451080847949395,0.9512195121951219,1.7,3.21,4.32378,2162.88,0.1886255128626474,0
2018-06-29,0.9446761387854262,0.8901678697964687,1.1232669394033827,0.9354235826123323,0.9512195121951219,1.7,3.21,4.37375,2135.47,0.1933675519706156,1
2018-07-06,0.982187917011112,0.8896770366833809,1.1096975142059582,0.9548383302402175,0.9512195121951219,1.7,3.17,4.35382,2152.06,0.1927971381102741,0
2018-07-13,0.982187917011112,0.8896770366833809,1.0821309931904228,0.9403181117181169,0.9512195121951219,1.7,3.17,4.31297,2157.14,0.1910753754701368,0
2018-07-20,0.9971752899275399,0.8822804374382652,1.0958396599852802,0.9354235826123323,0.9512195121951219,1.7,3.17,4.31894,2182.92,0.1708624257020911,1
2018-07-27,1.0572073452782345,0.9045567094937842,1.1505466890337297,0.998398985806519,0.975609756097561,1.7,3.17,4.28474,2290.77,0.1653297800739686,0
2018-08-03,1.0647412815328772,0.9416310518322203,1.1096975142059582,0.9596217685652298,0.991869918699187,1.7,3.14,4.26189,2286.92,0.1648628076736518,0
2018-08-10,1.0255885500681665,1.0528467711585001,1.0684156958433069,0.9645228324228244,0.9349593495934959,1.7,3.14,4.29444,2247.15,0.203280710787079,0
2018-08-17,1.017967921944292,1.0157821724054354,1.0272814072684113,0.9499960791489138,0.9186991869918698,1.7,3.14,4.29656,2217.74,0.2130801569792346,1
2018-08-24,1.0939378646347744,1.0602397165591015,1.0409917317013333,0.9499960791489138,0.9512195121951219,1.71,3.14,4.27565,2312.7,0.2001262068575001,1
2018-08-31,1.0863213646951488,1.0602397165591015,1.05470371377232,0.9548383302402175,0.9674796747967479,1.71,3.14,4.30319,2337.96,0.2066047912670212,0
2018-09-07,1.0635647490218783,0.9935814131365454,0.9862863602909486,0.9548383302402175,0.9349593495934959,1.71,3.24,4.31399,2257.3,0.2232727304625666,0
2018-09-14,1.0483420696032504,0.9786993044297991,1.0,0.9548383302402175,0.959349593495935,1.71,3.24,4.30479,2232.07,0.1895075095952491,1
2018-09-21,1.0711812489615036,0.9786993044297991,1.0821309931904228,0.9256933371670544,1.0,1.72,3.24,4.30703,2257.47,0.1763901493808378,1
2018-09-28,1.1091708645140248,0.9638987982505393,1.0272814072684113,0.969358548762318,1.0650406504065042,1.72,3.24,4.28036,2285.11,0.1560853741122568,0
2018-10-05,1.0863213646951488,0.9490264331291646,1.0821309931904228,0.9548383302402175,1.016260162601626,1.72,3.22,4.30707,2264.2,0.136551754181695,0
2018-10-12,1.0255885500681665,0.9268317636011317,1.013710324432922,0.8966463653710431,0.959349593495935,1.72,3.22,4.29787,2186.62,0.1765139468465449,1
2018-10-19,1.0483420696032504,0.9416310518322203,1.05470371377232,0.9014886164623467,0.9512195121951219,1.72,3.22,4.29493,2196.99,0.1864940474362137,0
2018-10-26,1.0103576142810404,0.9193535618285299,1.05470371377232,0.8675993935750319,0.910569105691057,1.72,3.22,4.31022,2082.77,0.2035661832383812,0
2018-11-02,1.0408081333486077,0.9638987982505393,0.9725727205818971,0.8821261468489426,0.878048780487805,1.72,3.19,4.30828,2197.68,0.234346010241752,1
2018-11-09,1.0483420696032504,0.9786993044297991,1.0272814072684113,0.930587866272839,0.9674796747967479,1.72,3.19,4.28799,2232.25,0.2209968694054663,0
2018-11-16,0.9572309791330607,0.8971601102486685,1.0272814072684113,0.9209033640902319,0.9268292682926829,1.72,3.19,4.31384,2165.46,0.2168378071968347,0
2018-11-23,1.0028247100724599,0.9193535618285299,0.9588607385109106,0.9451080847949395,0.9349593495934959,1.72,3.19,4.29142,2225.39,0.2336388867621087,1
2018-11-30,1.0331916334089821,0.971303923132855,1.0272814072684113,0.9403181117181169,0.9512195121951219,1.72,3.19,4.29225,2291.08,0.216208569831571,0
2018-12-07,1.0103576142810404,0.9638987982505393,0.9452913133134858,0.9354235826123323,0.9674796747967479,1.72,2.94,4.29253,2281.54,0.2180654620459506,1
2018-12-14,1.0255885500681665,0.9416310518322203,0.9452913133134858,0.9742007998536214,0.991869918699187,1.72,2.94,4.29195,2303.41,0.226843677255347,0
2018-12-21,0.9876030626998944,0.9638987982505393,0.9314367743689371,0.979043050944925,0.983739837398374,1.72,2.94,4.28829,2259.77,0.2317648610330796,0
2018-12-28,0.9952040819485855,0.9638987982505393,0.9177264499360152,0.9354235826123323,0.983739837398374,1.72,2.94,4.30147,2276.63,0.2339162222289508,1
2019-01-04,1.017967921944292,0.9861762882542295,0.9725727205818971,0.9548383302402175,0.983739837398374,1.72,2.78,4.28757,2284.95,0.2431969354514873,1
2019-01-11,0.9952040819485855,1.0009767944334897,1.0,0.969358548762318,1.008130081300813,1.72,2.78,4.29153,2335.1,0.2264623098915554,1
2019-01-18,1.017967921944292,1.0231751178060369,1.0272814072684113,1.0032935149123037,1.056910569105691,1.72,2.78,4.28652,2377.87,0.1937777434481862,0
2019-01-25,1.017967921944292,1.0009767944334897,1.0272814072684113,0.9839375800507096,1.048780487804878,1.72,2.78,4.28738,2398.74,0.1662105139302243,0
2019-02-01,1.0028247100724599,0.9861762882542295,0.9588607385109106,0.988773296390203,1.056910569105691,1.72,2.69,4.29035,2393.43,0.1338053619674353,0
2019-02-08,0.9799834666220822,0.9935814131365454,0.9177264499360152,1.0274982356170113,0.983739837398374,1.72,2.69,4.31451,2354.11,0.1375920128635544,0
2019-02-15,0.9952040819485855,0.9786993044297991,0.9314367743689371,0.9403181117181169,1.0,1.72,2.69,4.33499,2338.2,0.1440820814583526,1
2019-02-22,0.9799834666220822,1.0009767944334897,0.9588607385109106,0.9354235826123323,0.991869918699187,1.72,2.69,4.33824,2355.77,0.1512532580530338,0
2019-03-01,0.9572309791330607,0.9638987982505393,0.9862863602909486,0.9112188619076247,0.975609756097561,1.72,2.75,4.30419,2333.11,0.1476699932555593,0
2019-03-08,0.926870248072912,0.9268317636011317,0.9452913133134858,0.9112188619076247,0.975609756097561,1.72,2.75,4.30182,2298.97,0.1315619883690356,1
2019-03-15,0.9496155112394975,0.9490264331291646,0.9862863602909486,0.9256933371670544,1.016260162601626,1.72,2.75,4.29944,2346.25,0.1231568166927919,0
2019-03-22,0.9420000433459345,0.9342259269499045,1.0,0.9160611129989282,1.0,1.72,2.75,4.29915,2319.1,0.1027857686364355,0
2019-03-29,0.9343948959129943,0.9416310518322203,0.9588607385109106,0.9063831455681313,0.959349593495935,1.72,2.75,4.30473,2312.09,0.0906314355974541,1
2019-04-05,0.9648371586120631,0.9638987982505393,1.013710324432922,0.930587866272839,0.975609756097561,1.72,2.76,4.28999,2351.08,0.1343975824378898,1
2019-04-12,0.9572309791330607,0.9786993044297991,1.05470371377232,0.9256933371670544,0.983739837398374,1.72,2.76,4.27847,2366.71,0.1368301384639836,1
2019-04-19,0.9496155112394975,1.0009767944334897,1.0821309931904228,0.9370768748202943,1.0,1.72,2.76,4.27832,2365.36,0.1402108580029442,0
2019-04-26,0.972371094866706,0.9935814131365454,1.0272814072684113,0.9370768748202943,1.0,1.72,2.76,4.29632,2372.25,0.1251114090099158,0
2019-05-03,0.9496155112394975,0.971303923132855,1.0272814072684113,0.9222429882113077,1.0,1.72,2.72,4.27653,2319.08,0.1316054673720512,0
2019-05-10,0.9192547801793489,0.8971601102486685,0.9452913133134858,0.9272355385942441,0.9186991869918698,1.72,2.72,4.2972,2191.91,0.1421669725100449,0
2019-05-17,0.896419729005345,0.8749617868761213,0.9725727205818971,0.9272355385942441,0.8699186991869919,1.72,2.72,4.30786,2184.35,0.1407400028823407,0
2019-05-24,0.9040341648528457,0.8749617868761213,0.9177264499360152,0.9172961810910422,0.878048780487805,1.72,2.72,4.29202,2188.2,0.1614281596929886,1
2019-05-31,0.9420000433459345,0.8971601102486685,0.9314367743689371,0.9074613796168022,0.902439024390244,1.72,2.72,4.28159,2239.31,0.171709339806745,1
2019-06-07,1.0028247100724599,0.9416310518322203,0.9040111525888991,0.9370768748202943,0.959349593495935,1.72,2.35,4.25934,2280.6,0.1351567346107322,1
2019-06-14,1.0103576142810404,0.9416310518322203,0.8904417273914743,0.9518519486629896,0.975609756097561,1.72,2.35,4.25707,2286.46,0.1328045201251151,1
2019-06-21,1.0331916334089821,0.956503416953595,0.9040111525888991,0.9272355385942441,0.959349593495935,1.72,2.35,4.2542,2308.32,0.1268055685269789,1
2019-06-28,1.0255885500681665,0.9416310518322203,0.9314367743689371,0.9666270225056851,0.9674796747967479,1.72,2.35,4.24548,2327.67,0.1330813032295266,0
2019-07-05,1.0028247100724599,0.9268317636011317,0.9452913133134858,0.9469051415427242,0.9268292682926829,1.72,2.13,4.24943,2342.01,0.1206982138032461,0
2019-07-12,0.9876030626998944,0.9391866298521532,0.9452913133134858,0.9420106124369396,0.902439024390244,1.72,2.13,4.27095,2315.36,0.1205418564670382,0
2019-07-19,1.017967921944292,0.9549651484130744,0.9177264499360152,0.9420106124369396,0.853658536585366,1.72,2.13,4.2508,2344.03,0.0995925157688296,0
2019-07-26,1.0103576142810404,0.9313028513384641,0.9452913133134858,0.9222429882113077,0.8211382113821138,1.72,2.13,4.27428,2305.79,0.084516162199661,0
2019-08-02,0.9652375924842277,0.8997604295946791,0.8628768640140037,0.8630708105706145,0.7398373983739838,1.72,1.93,4.30718,2216.51,0.1085353913069829,0
2019-08-09,0.9573857860424025,0.9155255507257144,0.8081681773274896,0.8680176176908801,0.6991869918699187,1.72,1.93,4.32539,2127.61,0.1414422607146504,0
2019-08-16,0.9652375924842277,0.923419072824775,0.7945987521300649,0.8532360090963745,0.6666666666666666,1.72,1.93,4.33914,2064.12,0.1731724837032623,1
2019-08-23,0.9809298528611928,0.9155255507257144,0.7945987521300649,0.858130538202159,0.7154471544715447,1.72,1.93,4.37957,2103.68,0.1875064640061909,0
2019-08-30,0.9652375924842277,0.9155255507257144,0.8220243739101029,0.8482892019761089,0.7073170731707317,1.72,1.93,4.37451,2135.25,0.2309446209523817,1
2019-09-06,0.9809298528611928,0.9470813698993852,0.7807442131855162,0.8433554643594636,0.6829268292682926,1.72,2.02,4.34022,2122.6,0.2199418785353534,1
2019-09-13,1.0201734043793842,1.0102417261735843,0.8767297453204878,0.8680176176908801,0.7154471544715447,1.72,2.02,4.32719,2200.95,0.1895524889180983,0
2019-09-20,0.988774434980582,0.9786189198504847,0.8904417273914743,0.8729056120448545,0.6991869918699187,1.72,2.02,4.37564,2171.75,0.1942833985048127,1
2019-09-27,0.988774434980582,0.9707339233886241,0.8493074388165791,0.9025211072483467,0.7967479674796748,1.72,2.02,4.38441,2186.31,0.1533348352852831,0
2019-10-04,0.9338396551314877,0.9549651484130744,0.8355937991075275,0.8779046971796011,0.7642276422764227,1.72,1.96,4.31933,2121.16,0.1745336060800173,1
2019-10-11,0.9416914615733128,0.9786189198504847,0.8628768640140037,0.8976265781425622,0.7967479674796748,1.72,1.96,4.30176,2159.91,0.1620271357209926,1
2019-10-18,0.9338396551314877,1.0023616015044094,0.9314367743689371,0.887739498653841,0.8292682926829269,1.71,1.96,4.28118,2164.75,0.1535455991912798,0
2019-10-25,0.9416914615733128,1.0496740161719158,0.8904417273914743,0.8779046971796011,0.8048780487804879,1.72,1.96,4.27942,2175.27,0.1558431468304178,0
2019-11-01,0.9416914615733128,1.0102417261735843,0.8493074388165791,0.8137334344041612,0.8130081300813008,1.71,2.05,4.25144,2194.1,0.1416387444910224,0
2019-11-08,0.9338396551314877,0.9549651484130744,0.8767297453204878,0.8137334344041612,0.8211382113821138,1.71,2.05,4.26524,2255.46,0.1796485910022841,0
2019-11-15,0.9103017805890712,0.9470813698993852,0.8355937991075275,0.8137334344041612,0.8292682926829269,1.71,2.05,4.27556,2233.87,0.1743973090244882,1
2019-11-22,0.9259971371042233,0.9470813698993852,0.8628768640140037,0.8088454400501869,0.8292682926829269,1.71,2.05,4.29769,2188.24,0.171735435626208,0
2019-11-29,0.8632219033199889,0.9549651484130744,0.8355937991075275,0.7989583605614659,0.7967479674796748,1.71,2.05,4.31466,2158.94,0.1510700419865903,0
2019-12-06,0.8161368658205953,0.8681327514788936,0.8493074388165791,0.8039051676817314,0.7560975609756098,1.7,2.03,4.27623,2073.11,0.0937561146533367,1
2019-12-13,0.8161368658205953,0.8917877408644752,0.8628768640140037,0.8137334344041612,0.8130081300813008,1.7,2.03,4.26886,2106.51,0.1430744437078617,1
2019-12-20,0.8318301582436226,0.9076490799010538,0.8767297453204878,0.8433554643594636,0.8048780487804879,1.7,2.03,4.25562,2128.04,0.1444336605430835,1
2019-12-27,0.8239835120321091,0.9155255507257144,0.8767297453204878,0.8532360090963745,0.8292682926829269,1.71,2.03,4.26113,2151.74,0.1471326267556297,1
2020-01-03,0.8318301582436226,0.923419072824775,0.8904417273914743,0.8680176176908801,0.8455284552845529,1.71,2.23,4.24404,2173.97,0.1726042439873452,0
2020-01-10,0.8318301582436226,0.9549651484130744,0.8493074388165791,0.858130538202159,0.8211382113821138,1.71,2.23,4.23432,2167.91,0.177840406687333,1
2020-01-17,0.8396778365011986,0.9391866298521532,0.8628768640140037,0.8630708105706145,0.8211382113821138,1.71,2.23,4.241,2175.95,0.1548751979829731,0
2020-01-24,0.8553752571084752,0.9155255507257144,0.8493074388165791,0.8630708105706145,0.8130081300813008,1.71,2.23,4.25823,2154.28,0.1582880906818856,0
2020-01-31,0.8161368658205953,0.8997604295946791,0.8081681773274896,0.8532360090963745,0.7967479674796748,1.71,2.23,4.29678,2065.9,0.177296710193219,1
2020-02-07,0.8553752571084752,0.923419072824775,0.8355937991075275,0.8482892019761089,0.8292682926829269,1.71,2.09,4.27484,2110.2,0.1621024107108792,0
2020-02-14,0.847526546804837,0.9155255507257144,0.8767297453204878,0.8285738557649579,0.7967479674796748,1.71,2.09,4.25036,2115.29,0.1598694454149948,0
2020-02-21,0.8082891875630193,0.9155255507257144,0.8493074388165791,0.8482892019761089,0.7967479674796748,1.71,2.09,4.29107,2088.53,0.1587238922500966,0
2020-02-28,0.7376611152908976,0.7813027904410556,0.7671747879880915,0.7693494001097837,0.6341463414634146,1.71,2.09,4.32913,1768.91,0.2841134506539012,0
2020-03-06,0.7219667908218079,0.7971568217886056,0.6986297963757401,0.7644614057558093,0.6422764227642277,1.7,1.8,4.30123,1764.81,0.3545908156597868,0
2020-03-13,0.5571696755969613,0.5603267998533591,0.5205248745167985,0.6312910055676085,0.4471544715447155,1.69,1.8,4.37771,1365.97,0.674197077458517,1
2020-03-20,0.5414743190818093,0.5051232989831351,0.4931290902219246,0.6608463810544475,0.5284552845528455,1.18,1.8,4.52726,1488.42,0.7737793373410722,1
2020-03-27,0.5336276728702956,0.4893520881112425,0.589013506434951,0.6460719606869331,0.47154471544715443,1.17,1.8,4.5371,1475.9,0.8000404634223426,0
2020-04-03,0.5179323163551436,0.473496838815521,0.5342385142258498,0.5671759416577358,0.46341463414634143,1.17,1.46,4.58562,1506.48,0.7777260275966439,1
2020-04-10,0.5336276728702956,0.4972358666249316,0.5479239740878017,0.5671759416577358,0.4878048780487805,0.7,1.46,4.54854,1615.72,0.4740931152207416,0
2020-04-17,0.5179323163551436,0.48146465575303904,0.4794303692554553,0.5918413623650574,0.46341463414634143,0.7,1.46,4.51999,1625.59,0.425709527982468,0
2020-04-24,0.4943892815824156,0.43406576676536107,0.465731648288986,0.5572895156441958,0.4552845528455285,0.69,1.46,4.5372,1601.91,0.3647885441259784,1
2020-05-01,0.5179323163551436,0.4577256279436285,0.5342385142258498,0.5622330553885563,0.4552845528455285,0.68,1.35,4.56745,1648.68,0.3578470597195062,0
2020-05-08,0.4943892815824156,0.4419519811753931,0.5068278111883938,0.4783974174660846,0.3902439024390244,0.68,1.35,4.55017,1606.5,0.3355995028392593,0
2020-05-15,0.48654366741696414,0.43406576676536107,0.4794303692554553,0.46851033797736363,0.38211382113821135,0.68,1.35,4.56773,1572.55,0.3015375094130928,1
2020-05-22,0.5022379918860538,0.4419519811753931,0.465731648288986,0.4833409572104452,0.38211382113821135,0.68,1.35,4.51284,1630.44,0.2840808769507298,1
2020-05-29,0.5179323163551436,0.4577256279436285,0.4794303692554553,0.5178437932927307,0.4471544715447155,0.28,1.35,4.44866,1722.65,0.2846270029028772,1
2020-06-05,0.5414743190818093,0.4972358666249316,0.589013506434951,0.5770656350471809,0.5121951219512195,0.27,1.31,4.43465,1842.47,0.2609194296241711,0
2020-06-12,0.5179323163551436,0.473496838815521,0.5342385142258498,0.5820065608908174,0.4959349593495935,0.27,1.31,4.44416,1788.83,0.2577790339646335,1
2020-06-19,0.5336276728702956,0.48146465575303904,0.5205248745167985,0.5671759416577358,0.5040650406504065,0.27,1.31,4.46589,1807.85,0.2642185782238579,0
2020-06-26,0.5179323163551436,0.4577256279436285,0.5068278111883938,0.5326744125258123,0.4959349593495935,0.26,1.31,4.46753,1759.43,0.2651653967961685,1
2020-07-03,0.5336276728702956,0.48146465575303904,0.5342385142258498,0.5622330553885563,0.4878048780487805,0.26,1.33,4.46441,1800.96,0.2650047549725929,0
2020-07-10,0.5414743190818093,0.4893520881112425,0.5205248745167985,0.5572895156441958,0.4796747967479675,0.26,1.33,4.4654,1797.27,0.2230126883497737,0
2020-07-17,0.5414743190818093,0.48146465575303904,0.5205248745167985,0.5523969469639542,0.4390243902439025,0.25,1.33,4.47823,1796.04,0.177459442918792,0
2020-07-24,0.5336276728702956,0.48146465575303904,0.5068278111883938,0.5376179522701727,0.43089430894308944,0.25,1.33,4.40456,1810.33,0.156731994616941,0
2020-07-31,0.5022379918860538,0.4419519811753931,0.5068278111883938,0.48828449695480564,0.38211382113821135,0.23,1.33,4.41226,1767.54,0.1909727182079199,0
2020-08-07,0.4786949571133258,0.4419519811753931,0.5068278111883938,0.46851033797736363,0.38211382113821135,0.23,1.32,4.41329,1817.23,0.2045843087925773,1
2020-08-14,0.5179323163551436,0.473496838815521,0.5342385142258498,0.49317706563504715,0.42276422764227645,0.23,1.32,4.3979,1856.56,0.1946266617309453,0
2020-08-21,0.4943892815824156,0.4419519811753931,0.5068278111883938,0.48828449695480564,0.3902439024390244,0.23,1.32,4.41075,1820.6,0.1801559075376859,1
2020-08-28,0.4943892815824156,0.449838195585425,0.5342385142258498,0.4783974174660846,0.3739837398373984,0.23,1.32,4.38794,1829.79,0.1467157570520981,0
2020-09-04,0.47084727885574984,0.42618077030350043,0.5068278111883938,0.4734538777217241,0.36585365853658536,0.23,1.35,4.4531,1758.11,0.1483895186465607,1
2020-09-11,0.4786949571133258,0.43406576676536107,0.5068278111883938,0.48828449695480564,0.38211382113821135,0.23,1.35,4.45202,1772.89,0.1825030883589707,0
2020-09-18,0.4786949571133258,0.42618077030350043,0.465731648288986,0.46356679823300306,0.3739837398373984,0.23,1.35,4.45695,1731.76,0.1803288703407504,0
2020-09-25,0.44730630817514644,0.4025050757990044,0.4246388006657074,0.4191775361371775,0.3333333333333333,0.22,1.35,4.54972,1674.14,0.1889209995452589,1
2020-10-02,0.47084727885574984,0.41829333794529705,0.4383507827366941,0.4389516951146195,0.3414634146341463,0.22,1.26,4.50257,1697.39,0.2313316109882823,1
2020-10-09,0.4943892815824156,0.4419519811753931,0.465731648288986,0.45867422955276155,0.3414634146341463,0.22,1.26,4.46777,1698.91,0.2168087092764145,0
2020-10-16,0.47084727885574984,0.4025050757990044,0.4520329273225167,0.434007501895078,0.3008130081300813,0.22,1.26,4.54717,1655.36,0.2462643931365987,0
2020-10-23,0.4630006326442362,0.4025050757990044,0.4794303692554553,0.40934077423739446,0.3008130081300813,0.22,1.26,4.5688,1645.32,0.2223281563431041,0
2020-10-30,0.4237622413563562,0.35515612268635516,0.4794303692554553,0.36000862587238935,0.23577235772357721,0.22,1.26,4.60604,1515.97,0.2333198203017701,1
2020-11-06,0.4630006326442362,0.36304111914821574,0.5068278111883938,0.4389516951146195,0.25203252032520324,0.22,1.2,4.50465,1697.49,0.3232772748915371,1
2020-11-13,0.5493219973393852,0.4419519811753931,0.6575187147337501,0.5129002535483702,0.3252032520325204,0.22,1.2,4.4826,1749.41,0.3342561230774279,1
2020-11-20,0.588559356581203,0.473496838815521,0.6575187147337501,0.5277302193062707,0.3333333333333333,0.22,1.2,4.46651,1820.85,0.3464143794517493,1
2020-11-27,0.6121023913539309,0.4893520881112425,0.6849012379241067,0.5474534072195938,0.3170731707317073,0.22,1.2,4.48578,1852.69,0.2775589749084862,1
2020-12-04,0.6121023913539309,0.4893520881112425,0.7671747879880915,0.586901089996602,0.3414634146341463,0.22,1.29,4.46786,1947.68,0.2377493333244553,1
2020-12-11,0.6356443940805966,0.5051232989831351,0.7533185914054781,0.5474534072195938,0.36585365853658536,0.22,1.29,4.44552,1950.85,0.2098825824411324,0
2020-12-18,0.6199490375654446,0.4893520881112425,0.7671747879880915,0.5376179522701727,0.36585365853658536,0.21,1.29,4.47264,1952.54,0.19485015078652,1
2020-12-25,0.6277977478690828,0.5051232989831351,0.7671747879880915,0.5671759416577358,0.35772357723577236,0.21,1.29,4.50356,1955.84,0.2430645574804984,1
2021-01-01,0.6277977478690828,0.5051232989831351,0.7533185914054781,0.5918413623650574,0.36585365853658536,0.21,1.19,4.56218,1983.98,0.2564591640402349,1
2021-01-08,0.714119112564232,0.568213014263391,0.7945987521300649,0.6214039260788875,0.43089430894308944,0.21,1.19,4.50942,2072.74,0.2474354306246362,0
2021-01-15,0.6670351071109005,0.5445543710332951,0.7945987521300649,0.5918413623650574,0.41463414634146345,0.21,1.19,4.53841,1985.68,0.2588293817871847,0
2021-01-22,0.6513397505957486,0.5366681566232631,0.7533185914054781,0.5967875160101419,0.42276422764227645,0.21,1.19,4.54072,1952.67,0.2746554757357188,0
2021-01-29,0.6356443940805966,0.528781942213231,0.6986297963757401,0.5918413623650574,0.3983739837398374,0.21,1.19,4.51952,1948.01,0.2736975540439624,1
2021-02-05,0.6277977478690828,0.5445543710332951,0.8081681773274896,0.5918413623650574,0.3983739837398374,0.21,1.31,4.48622,1957.73,0.2474456175415167,0
2021-02-12,0.6121023913539309,0.5366681566232631,0.8081681773274896,0.586901089996602,0.38211382113821135,0.21,1.31,4.49809,1937.07,0.2475493127622012,1
2021-02-19,0.6670351071109005,0.5524405854433271,0.8628768640140037,0.6460719606869331,0.4552845528455285,0.21,1.31,4.48252,1985.31,0.2362463037209208,0
2021-02-26,0.6513397505957486,0.5524405854433271,0.8493074388165791,0.626396476461824,0.4552845528455285,0.21,1.31,4.52051,1907.28,0.1876772522279669,1
2021-03-05,0.6748817533224143,0.584067045610941,0.8767297453204878,0.6214039260788875,0.4878048780487805,0.21,1.52,4.5869,1939.59,0.1913705673123429,1
2021-03-12,0.69842375604908,0.5998382564828336,0.8628768640140037,0.636233891836788,0.4878048780487805,0.21,1.52,4.58416,2006.11,0.1827550437237441,0
2021-03-19,0.6748817533224143,0.568213014263391,0.8493074388165791,0.586901089996602,0.47154471544715443,0.21,1.52,4.61429,1927.56,0.1939293480684212,1
2021-03-26,0.706271434306656,0.576099228673423,0.8493074388165791,0.6016761638392973,0.4390243902439025,0.21,1.52,4.64138,1918.71,0.1938350054341701,0
2021-04-02,0.706271434306656,0.584067045610941,0.8355937991075275,0.5967875160101419,0.4390243902439025,0.21,1.55,4.59239,1954.38,0.1880941789727431,1
2021-04-09,0.69842375604908,0.5919544779691445,0.8355937991075275,0.626396476461824,0.4471544715447155,0.21,1.55,4.53032,1975.11,0.207767597820439,1
2021-04-16,0.714119112564232,0.6234968997129297,0.8355937991075275,0.6214039260788875,0.43089430894308944,0.21,1.55,4.54399,2012.27,0.1985371443749726,0
2021-04-23,0.706271434306656,0.615611903251069,0.8355937991075275,0.5967875160101419,0.4390243902439025,0.21,1.55,4.55506,1986.63,0.1807375546675629,1
2021-04-30,0.8632219033199889,0.6471555429430256,0.9261522242187552,0.5967875160101419,0.4878048780487805,0.21,1.55,4.55866,2037.59,0.1600183652482498,1
2021-05-07,0.8789151957430164,0.6866682175206716,0.9261522242187552,0.6312910055676085,0.5203252032520326,0.21,1.82,4.55496,2097.31,0.168911444253671,1
2021-05-14,0.847526546804837,0.694555649878875,0.9675732841788391,0.6510089656794834,0.5691056910569106,0.21,1.82,4.52906,2092.8,0.1637448553807032,1
2021-05-21,0.9103017805890712,0.7497579328009275,0.9814294807614525,0.675673732911624,0.6341463414634146,0.21,1.82,4.49632,2139.06,0.1703163400351214,1
2021-05-28,0.9652375924842277,0.7813027904410556,0.9952856773440659,0.7052369501006351,0.6178861788617886,0.21,1.82,4.48345,2236.31,0.1746566504332678,1
2021-06-04,0.9730811425575545,0.7971568217886056,1.0091418739266793,0.6954021486263952,0.6178861788617886,0.21,1.78,4.45874,2254.59,0.1413720882926794,0
2021-06-11,0.9652375924842277,0.8050430361986376,1.0091418739266793,0.6855608124003449,0.6016260162601627,0.21,1.78,4.50051,2224.67,0.1269895755472373,1
2021-06-18,0.9809298528611928,0.8129280326604981,0.9538629597459173,0.6707399952949787,0.6341463414634146,0.21,1.78,4.55094,2220.68,0.1258066030943536,1
2021-06-25,0.988774434980582,0.8444741082487975,0.9814294807614525,0.7200120239433306,0.7154471544715447,0.21,1.78,4.51346,2282.46,0.1192470145531179,0
2021-07-02,0.918145330662398,0.7734153580828521,0.9398642062897419,0.675673732911624,0.6666666666666666,0.21,1.61,4.50848,2252.18,0.1438185798910182,0
2021-07-09,0.9024510061933084,0.7576453651591311,0.8985857032032197,0.6608463810544475,0.6666666666666666,0.21,1.61,4.54606,2251.78,0.1913165511258826,0
2021-07-16,0.9024510061933084,0.7655303616209915,0.8847295066206065,0.6657931881747131,0.6178861788617886,0.21,1.61,4.58386,2258.1,0.1807050017937903,1
2021-07-23,0.8946115843042306,0.7497579328009275,0.9122993429122711,0.675673732911624,0.6341463414634146,0.21,1.61,4.57541,2242.41,0.1942601032962456,1
2021-07-30,0.918145330662398,0.7734153580828521,0.8708749676760578,0.7003424209948506,0.6585365853658537,0.21,1.61,4.56992,2253.45,0.1797666296140221,1
2021-08-06,0.9416914615733128,0.8050430361986376,0.8985857032032197,0.7496797971613037,0.6585365853658537,0.21,1.6,4.57529,2273.89,0.1191076350798071,1
2021-08-13,0.9495422359690757,0.8523591047106581,0.9261522242187552,0.7891235590872259,0.6747967479674797,0.21,1.6,4.56607,2302.03,0.119192878311238,0
2021-08-20,0.9259971371042233,0.8287016794287335,0.8570187710934444,0.7496797971613037,0.6829268292682926,0.21,1.6,4.583,2255.56,0.0928081620860725,1
2021-08-27,0.9730811425575545,0.8444741082487975,0.8847295066206065,0.7693494001097837,0.7398373983739838,0.21,1.6,4.57584,2323.77,0.101787156727363,1
2021-09-03,1.0201734043793842,0.8760201838370969,0.8708749676760578,0.8088454400501869,0.7967479674796748,0.24,1.87,4.50572,2380.82,0.1128981926137144,0
2021-09-10,1.0280179864987733,0.8699243532390721,0.8570187710934444,0.818686776276237,0.7804878048780488,0.24,1.87,4.54376,2360.7,0.1391958513081346,1
2021-09-17,1.0123185017993723,0.8617933312465822,0.8570187710934444,0.8433554643594636,0.8211382113821138,0.24,1.87,4.59025,2333.01,0.1396280318418014,1
2021-09-24,1.0201734043793842,0.8699243532390721,0.8708749676760578,0.8285738557649579,0.8292682926829269,0.24,1.87,4.60583,2299.18,0.182078490465163,1
2021-10-01,1.0515517328569408,0.9024386976236612,0.8708749676760578,0.8482892019761089,0.8699186991869919,0.24,2.63,4.57748,2327.88,0.1795526819493178,1
2021-10-08,1.1221849653593738,1.0,0.9538629597459173,0.9172961810910422,0.959349593495935,0.65,2.63,4.6053,2411.12,0.1868549729634846,1
2021-10-15,1.0986543151393933,1.0325216520736176,0.9398642062897419,0.9321235329482186,1.056910569105691,0.69,2.63,4.56785,2453.98,0.1881594156130622,1
2021-10-22,1.0986543151393933,1.0325216520736176,0.9261522242187552,0.9715738296259507,1.0731707317073171,0.7,2.63,4.60004,2417.09,0.1343426736012697,1
2021-10-29,1.1692875476418263,1.0975673921171958,0.9257228959600046,0.9765663800088873,1.1626016260162602,0.74,2.63,4.6131,2405.05,0.1332791461704807,1
2021-11-05,1.1771207772545305,1.1056947602651717,0.9257228959600046,1.0357385576495803,1.1869918699186992,1.56,3.12,4.59775,2439.16,0.1568719330386478,0
2021-11-12,1.0908004446054436,1.0813016942877012,0.9117258001418939,1.0110175915518729,1.170731707317073,1.61,3.12,4.64072,2358.23,0.1281722482428819,0
2021-11-19,1.03587495317091,1.0162547362959515,0.855589887081695,0.9617390281517108,1.0731707317073171,1.69,3.12,4.69156,2248.18,0.1468536305089119,0
2021-11-26,0.988774434980582,0.9593448900375493,0.7994556316595609,0.9567922210314451,1.032520325203252,1.91,3.12,4.71064,2143.13,0.1948995447610914,1
2021-12-03,1.0515517328569408,0.983741609859534,0.7854568782033855,0.9451538280576104,1.0,2.21,3.33,4.59937,2179.71,0.1936252347081733,0
2021-12-10,1.0280179864987733,0.983741609859534,0.7714614400233395,0.9552500196042554,0.9349593495934959,2.3,3.33,4.62027,2213.78,0.2097025594835684,0
2021-12-17,0.988774434980582,0.9756130237633868,0.7854568782033855,0.9652873983846093,0.8292682926829269,2.35,3.33,4.63197,2194.56,0.2298061470479721,1
2021-12-24,1.03587495317091,1.0162547362959515,0.8275940378074089,0.9904200538463548,0.8455284552845529,2.45,3.33,4.62115,2225.8,0.2320154326522127,1
2021-12-31,1.0594056033908905,1.0406490202215934,0.8415927912635843,1.000463967378519,0.902439024390244,2.54,3.33,4.58921,2266.92,0.1659234578717119,1
2022-01-07,1.0986543151393933,1.056906192413888,0.8837316085056725,1.0306414512376818,1.008130081300813,2.63,4.0,4.54532,2311.93,0.1483405366806225,1
2022-01-14,1.1457259360399772,1.1626009526790597,0.8977287043237832,1.0356862796350994,0.991869918699187,2.77,4.0,4.5359,2383.16,0.1963503602855907,0
2022-01-21,1.114341415286047,1.1463474343312794,0.8695886405378704,1.000463967378519,0.9268292682926829,2.85,4.0,4.53074,2273.81,0.1864456103359736,1
2022-01-28,1.114341415286047,1.1300939159834993,0.8977287043237832,1.0356862796350994,0.9512195121951219,2.99,4.0,4.58627,2183.7,0.2677598627506859,1
2022-02-04,1.1300388358933235,1.1463474343312794,0.9117258001418939,1.382563975220221,1.008130081300813,3.11,3.95,4.56654,2174.57,0.2891234098609013,1
2022-02-11,1.1221849653593738,1.1382151943906178,0.967860055564028,1.3624761481558931,1.1951219512195121,3.3,3.95,4.56771,2203.13,0.26485429322212,0
2022-02-18,1.082936253610871,1.0975673921171958,0.9397199917781153,1.2970828867919597,1.1382113821138211,3.44,3.95,4.53177,2143.28,0.2833032462888307,0
2022-02-25,1.0594056033908905,1.0162547362959515,0.8695886405378704,1.201557884831534,0.975609756097561,3.59,3.95,4.64053,1970.78,0.5729659777930407,0
2022-03-04,0.9103017805890712,0.8211394392323028,0.7714614400233395,1.0658114854797813,0.8455284552845529,3.78,4.83,4.89675,1918.75,0.606336640566521,1
2022-03-11,0.9652375924842277,0.9430877178452548,0.8135936267131689,1.1865214209164334,0.853658536585366,4.22,4.83,4.78277,2033.49,0.6304347753957632,1
2022-03-18,1.03587495317091,1.0,0.8695886405378704,1.161336487440207,0.8617886178861789,4.4,4.83,4.71193,2099.26,0.6519810110871317,0
2022-03-25,1.0044832080945436,0.9674844376672395,0.855589887081695,1.1563439370572706,0.8292682926829269,4.6,4.83,4.68318,2115.58,0.3650396453676994,1
2022-04-01,1.0750927035375442,1.0487776063177408,0.8977287043237832,1.1663878505894345,0.9268292682926829,4.84,5.96,4.6324,2164.81,0.2913634219560114,0
2022-04-08,1.0201734043793842,1.0081273681479757,0.8695886405378704,1.141255195127689,0.8861788617886179,5.32,5.96,4.6313,2085.07,0.2642636642062289,0
2022-04-15,0.988774434980582,0.9756130237633868,0.8837316085056725,1.0814099380505529,0.8699186991869919,5.54,5.96,4.64269,2093.17,0.1936833496981353,0
2022-04-22,0.9809298528611928,0.9756130237633868,0.8837316085056725,1.060818935096845,0.853658536585366,5.74,5.96,4.65338,1973.31,0.2102674466844827,0
2022-04-29,0.8543535315068181,0.8780529393352196,0.7998866175563762,0.9732728650965835,0.7479674796747968,6.05,5.96,4.6742,1858.12,0.1910788512527121,0
2022-05-06,0.8025344987197468,0.8211394392323028,0.7141834143365801,0.9629806309956347,0.6829268292682926,6.33,6.64,4.71252,1765.14,0.1795555848111116,1
2022-05-13,0.7928982846362399,0.8048798311436655,0.7427494911051141,1.1689560080508141,0.6910569105691057,6.41,6.64,4.69169,1765.63,0.243806202771745,0
2022-05-20,0.7897732491596564,0.829270461224793,0.7427494911051141,1.1586572391980552,0.6666666666666666,6.46,6.64,4.62622,1782.66,0.2675768462568742,1
2022-05-27,0.8087835376268513,0.829270461224793,0.8141688271216109,1.179254776903573,0.6910569105691057,6.54,6.64,4.5726,1810.68,0.2809689351890383,0
2022-06-03,0.8043550279736085,0.8211394392323028,0.7998866175563762,1.1638066236244347,0.6991869918699187,6.66,7.14,4.5868,1819.99,0.274831487312535,0
2022-06-10,0.7543596205785856,0.7560997889295819,0.7427494911051141,1.071117703949604,0.6341463414634146,6.77,7.14,4.61239,1725.18,0.2501690864174958,0
2022-06-17,0.7314461339038483,0.7398401808409445,0.7284656239018148,1.0453642470658964,0.6016260162601627,6.88,7.14,4.67739,1676.67,0.2591253012195484,1
2022-06-24,0.7527981348863563,0.7642295929739005,0.7427494911051141,1.050520166244086,0.6097560975609756,6.98,7.14,4.68862,1682.33,0.2577426097549409,0
2022-07-01,0.7160820641746882,0.7317091588484543,0.6998995471332807,1.029922628538568,0.5934959349593496,7.05,6.37,4.6883,1688.85,0.259328754821185,1
2022-07-08,0.757517681529162,0.7398401808409445,0.6998995471332807,0.9990263219802912,0.5934959349593496,7.08,6.37,4.77882,1740.46,0.2963333532147688,0
2022-07-15,0.7017293995865623,0.6747993125900521,0.6284802111167839,0.9063243328018401,0.4878048780487805,7.0,6.37,4.78541,1620.13,0.297261992674877,1
2022-07-22,0.7219667908218079,0.6888787934518235,0.6427640783200833,0.9423830932901168,0.5365853658536586,7.0,6.37,4.74385,1701.73,0.2895812523819022,1
2022-07-29,0.7219667908218079,0.7061005805958933,0.6570496031614472,1.040221397391327,0.5609756097560975,7.01,6.37,4.73988,1721.11,0.3000995156242719,1
2022-08-05,0.7080847392380816,0.7319332613119982,0.6713334703647467,1.344048148051337,0.5609756097560975,7.02,5.8,4.70837,1652.14,0.2609910421865986,1
2022-08-12,0.7502335004215908,0.7749877291721728,0.7141834143365801,1.4161329952688395,0.6504065040650407,7.03,5.8,4.65934,1735.07,0.2396979363621902,0
2022-08-19,0.8429566468410618,0.7577659420281029,0.6856140222919167,1.344048148051337,0.6260162601626017,7.04,5.8,4.74855,1673.4,0.2515615906511816,0
2022-08-26,0.8008099497496771,0.7061005805958933,0.6427640783200833,1.2668008469038345,0.5853658536585366,7.07,5.8,4.7409,1602.81,0.2682048241890227,0
2022-09-02,0.7923801975129754,0.6544340012155123,0.6570496031614472,1.2513526936246961,0.5528455284552846,7.15,6.28,4.72073,1505.75,0.3072871351818247,1
2022-09-09,0.8260981744137204,0.7233211497917917,0.6713334703647467,1.3388922288731473,0.6341463414634146,7.15,6.28,4.69123,1534.68,0.3324424987613205,0
2022-09-16,0.8092397019863791,0.7147114741679282,0.6998995471332807,1.241053924771937,0.6504065040650407,7.15,6.28,4.71842,1501.91,0.3438314970229187,0
2022-09-23,0.7755206930395717,0.6802666819316171,0.6713334703647467,1.1844041613299527,0.5853658536585366,7.15,6.28,4.76013,1457.78,0.3658747698712424,0
2022-09-30,0.7418027161388266,0.6372122140714424,0.6570496031614472,1.2101576182136602,0.5203252032520326,7.21,6.28,4.85838,1377.91,0.3420688829596579,1
2022-10-07,0.7586622206122303,0.6716570063077536,0.6713334703647467,1.174111927229004,0.5040650406504065,7.19,7.82,4.85952,1405.21,0.3411111009481922,1
2022-10-14,0.7670919728489322,0.7061005805958933,0.6713334703647467,1.1998588493609013,0.4878048780487805,7.31,7.82,4.8022,1397.23,0.3347217753743883,1
2022-10-21,0.8260981744137204,0.7577659420281029,0.6998995471332807,1.2461967744465066,0.5934959349593496,7.43,7.82,4.77635,1411.62,0.3144753358430108,1
2022-10-28,0.8766735916957445,0.8094313034603126,0.7014544116379453,1.385243223462373,0.6585365853658537,7.48,7.82,4.71835,1508.7,0.2825095144266975,1
2022-11-04,0.8766735916957445,0.8180421970323475,0.7306818859942844,1.5500235251065164,0.6829268292682926,7.59,7.24,4.68789,1601.27,0.2554534992545936,1
2022-11-11,0.9188182246950045,0.8869305635567983,0.6868406744597758,1.4779321431372034,0.959349593495935,7.5,7.24,4.67925,1690.38,0.2380255451752992,1
2022-11-18,0.9356859855369064,0.9041523507008683,0.6868406744597758,1.472782758710824,0.959349593495935,7.4,7.24,4.69862,1707.23,0.2447641933573847,1
2022-11-25,0.9609700820167005,0.9299813775724588,0.7599093603506235,1.4779321431372034,0.9674796747967479,7.31,7.24,4.69248,1755.69,0.244799144932316,0
2022-12-02,0.9609700820167005,0.9127644622210745,0.745295623172454,1.5191337533000495,0.9349593495934959,7.24,6.61,4.67839,1733.46,0.259424014625809,0
2022-12-09,0.9525454900103101,0.8955414571288334,0.745295623172454,1.405840761167891,0.8455284552845529,7.16,6.61,4.68851,1730.16,0.2279185497561328,0
2022-12-16,0.9609700820167005,0.9041523507008683,0.7306818859942844,1.3697950701832342,0.8455284552845529,7.06,6.61,4.68649,1741.3,0.198724143212049,1
2022-12-23,0.9946870268713833,0.9213729198967666,0.745295623172454,1.4985362155945317,0.902439024390244,7.04,6.61,4.64259,1780.27,0.1717736526574438,1
2022-12-30,1.0031178111541474,0.9299813775724588,0.7599093603506235,1.4882374467417727,0.8861788617886179,7.02,6.61,4.68908,1792.01,0.1684516677358927,1
2023-01-06,1.1042789661788184,1.0160939671373224,0.8037505718851323,1.6118226729748804,1.008130081300813,6.99,6.02,4.6879,1856.05,0.1656253151427284,1
2023-01-13,1.171712855888184,1.093589573389294,0.8329780462414714,1.6169720574012596,1.032520325203252,6.92,6.02,4.69453,1923.44,0.1927168296843962,0
2023-01-20,1.1295640947046748,1.0333169722295639,0.8329780462414714,1.544880675431947,0.991869918699187,6.92,6.02,4.70645,1892.32,0.1873781311458173,0
2023-01-27,1.0705620213241356,0.9902588505248747,0.8475901257815763,1.5500235251065164,0.9512195121951219,6.94,6.02,4.7084,1911.5,0.1970311878299579,1
2023-02-03,1.0874050130605428,1.0074818556171161,0.9644983655688683,1.5603288287110855,0.959349593495935,6.92,6.18,4.71837,1906.13,0.204067329784901,0
2023-02-10,1.0705620213241356,0.9902588505248747,0.9498862860287632,1.544880675431947,0.9268292682926829,6.93,6.18,4.77835,1848.04,0.2009529257957748,1
2023-02-17,1.0621302049953092,0.9902588505248747,0.9644983655688683,1.5242831377264292,0.9674796747967479,6.93,6.18,4.75667,1859.26,0.1927237267339537,0
2023-02-24,1.0199783476736133,0.9472068185610429,0.9644983655688683,1.4985362155945317,0.9512195121951219,6.94,6.18,4.71964,1807.31,0.1893448029012083,0
2023-03-03,1.0284080999103151,0.8783196699847634,1.0521824462759501,1.534581906579188,0.8617886178861789,6.95,6.14,4.70826,1841.85,0.1991180573547017,0
2023-03-10,0.8851023118863841,0.8524869892686586,0.9937258399252074,1.5500235251065164,0.8292682926829269,6.93,6.14,4.67914,1799.58,0.1916527045084834,0
2023-03-17,0.7839504452762734,0.7663780535483093,0.8768176001379154,1.4367305329743574,0.7398373983739838,6.9,6.14,4.70318,1678.16,0.2272579706822491,0
2023-03-24,0.7923801975129754,0.7835986227442077,0.8622055205978105,1.132916851817968,0.7479674796747968,6.9,6.14,4.68869,1670.18,0.2364987669248041,1
2023-03-31,0.8513874311238259,0.8524869892686586,0.9206604693104888,1.174111927229004,0.8292682926829269,6.89,6.14,4.67907,1758.56,0.2492777018571995,1
2023-04-07,0.8513874311238259,0.8524869892686586,0.9352725488505939,1.1689560080508141,0.878048780487805,6.9,6.07,4.68598,1754.24,0.2379928863450936,1
2023-04-14,0.9272521051159555,0.9299813775724588,0.9791137603851023,1.1844041613299527,0.9674796747967479,6.9,6.07,4.64432,1854.27,0.2003739660114788,1
2023-04-21,0.9693957060691533,0.9644334774977985,0.9644983655688683,1.1638066236244347,0.991869918699187,6.9,6.07,4.61272,1900.63,0.1829322965955536,0
2023-04-28,0.9525454900103101,0.8610978828406937,0.8632100492650032,1.138059701492537,0.902439024390244,6.9,6.07,4.58643,1923.09,0.2002054897198286,0
2023-05-05,0.9272521051159555,0.8524869892686586,0.848329432358421,1.1483584703452963,0.894308943089431,6.9,5.93,4.57191,1912.37,0.1972479209616977,0
2023-05-12,0.9356859855369064,0.8610978828406937,0.8632100492650032,0.9835781687011527,0.910569105691057,6.9,5.93,4.51898,1939.03,0.1827879968783562,1
2023-05-19,0.8935392884455218,0.9127644622210745,0.8780972967238441,1.0247667093603783,0.9512195121951219,6.9,5.93,4.54025,1992.31,0.1934714284842226,1
2023-05-26,0.9103926006425519,0.9299813775724588,0.8632100492650032,1.0144679405076193,0.983739837398374,6.9,5.93,4.53139,1984.12,0.2221415797803814,1
2023-06-02,0.9272521051159555,0.9385983608853508,0.848329432358421,1.0196238596858092,1.0,6.9,5.91,4.48925,2018.09,0.259716040682982,1
2023-06-09,0.9609700820167005,0.9730419351734907,0.8632100492650032,1.0041691716548604,1.032520325203252,6.9,5.91,4.43935,2050.99,0.2647891206972394,1
2023-06-16,0.9693957060691533,1.0074818556171161,0.8780972967238441,1.0453642470658964,1.048780487804878,6.9,5.91,4.46445,2108.05,0.2774256969458041,0
2023-06-23,0.9441116095893591,0.9730419351734907,0.8334471578137743,1.029922628538568,1.008130081300813,6.9,5.91,4.4385,2035.0,0.2649269560612771,1
2023-06-30,0.9693957060691533,0.9988770517859383,0.9078601881750731,1.1174621637870192,1.056910569105691,6.9,5.91,4.43627,2060.38,0.216887826901865,0
2023-07-07,0.986266563049242,1.0047877542619053,0.848329432358421,1.0968646260815014,1.0894308943089432,6.9,5.56,4.45368,2035.57,0.1913879084304509,1
2023-07-14,1.0452665723376564,1.0591021529669826,0.937628052540496,1.2050016990354706,1.170731707317073,6.83,5.56,4.45411,2127.08,0.1932401867260078,1
2023-07-21,1.0621302049953092,1.0681563796734195,0.937628052540496,1.2050016990354706,1.1869918699186992,6.76,5.56,4.46186,2155.56,0.1728144409132605,1
2023-07-28,1.0874050130605428,1.1134104619312029,0.9525103270851428,1.1638066236244347,1.2439024390243902,6.72,5.56,4.41145,2189.24,0.1620283478146429,0
2023-08-04,1.0823686282766172,1.0744921460612165,0.9272081396659528,1.0335232767859477,1.1967479674796748,6.71,5.59,4.43356,2169.73,0.1555626635827518,0
2023-08-11,1.0469488074191726,1.028322166778515,0.9391166115225738,1.0036529262618605,1.1504065040650406,6.72,5.59,4.43313,2105.31,0.1622881807048152,0
2023-08-18,0.9871056164978755,0.9694843085647333,0.8989321495587368,1.0046854170478605,1.075609756097561,6.69,5.59,4.45945,2014.55,0.1704049167814167,0
2023-08-25,0.9508529344681712,0.9740102039697802,0.9108356485011636,0.9614253600648246,1.0609756097560976,6.67,5.59,4.4689,2000.42,0.1527892860803519,1
2023-09-01,0.9693957060691533,0.9984519878741079,0.9093487471571506,0.9954191389811013,1.0975609756097562,6.67,5.68,4.46716,2050.94,0.1730934069179671,0
2023-09-08,0.901118634726905,0.9151711278078272,0.8840482173760251,1.0129257390804296,1.0219512195121951,6.01,5.68,4.61809,1943.99,0.1709423926548865,1
2023-09-15,0.9103926006425519,0.9305611209020611,0.9093487471571506,0.9954191389811013,1.045528455284553,5.8,5.68,4.64571,1975.05,0.1601596973725299,0
2023-09-22,0.8859506537495782,0.9079292079804835,0.8914910122864133,0.9490681443918759,1.0,5.79,5.68,4.60282,1949.25,0.1956077861174926,1
2023-09-29,0.8893244123271709,0.9242241365660925,0.9450675321747548,0.9305290535065477,1.0130081300813008,5.77,5.68,4.61787,1915.6,0.1911852014073185,1
2023-10-06,0.9297816500146034,0.9685793730733583,0.937628052540496,0.9274446506521681,1.0715447154471545,5.7,5.84,4.57639,1870.43,0.1788163334917937,1
2023-10-13,0.9896423857189593,1.023798707269811,0.913812766465319,0.999536032621481,1.1569105691056911,5.68,5.84,4.53296,1974.56,0.2205640303774381,1
2023-10-20,1.0241932237919642,1.0663440727943263,0.9004190509027495,1.0463967378518964,1.2292682926829268,5.67,5.84,4.46275,2028.92,0.2890091816997789,1
2023-10-27,1.0764550043397536,1.1505310863001537,0.897443590576659,1.0597929790626552,1.2951219512195122,5.65,5.84,4.46538,2103.73,0.2846629557487963,1
2023-11-03,1.1152392953602306,1.1740691526612776,0.9276888547047082,1.019107614292809,1.332520325203252,5.64,5.54,4.45844,2177.29,0.2581746136209583,0
2023-11-10,1.015772759969823,1.0862563074490927,0.9398758097561946,1.050003920851086,1.3203252032520327,5.76,5.54,4.4275,2141.09,0.2632626980209457,1
2023-11-17,1.1059612012603346,1.164107554567123,0.9794784407593308,1.0546370598844657,1.4097560975609755,5.81,5.54,4.38524,2228.28,0.2297847626642777,0
2023-11-24,1.0789938376529622,1.1550484560680003,0.9764317019964592,1.0809002274093629,1.4,5.83,5.54,4.36818,2228.01,0.2132549932642135,1
2023-12-01,1.14979219752536,1.2401391871170313,0.9870969453045744,1.098923072901691,1.4471544715447155,5.84,5.21,4.32312,2285.98,0.2410349673567405,1
2023-12-08,1.1489459197542904,1.2383366238233098,1.0327947114715186,1.1694722534438142,1.4121951219512197,5.85,5.21,4.33773,2306.05,0.2246389693800183,0
2023-12-15,1.1396678256543944,1.2256577833586868,1.0145159365323537,1.140634393705727,1.338211382113821,5.82,5.21,4.33437,2320.45,0.1540668680149421,1
2023-12-22,1.1666558301830128,1.270003276280581,0.9977588733365602,1.1519656533444858,1.3821138211382114,5.88,5.21,4.33601,2346.7,0.1498649135571625,0
2023-12-29,1.1674917874934594,1.275447504606889,1.0023289814808676,1.1298259142117781,1.3495934959349594,5.88,5.21,4.34371,2342.99,0.1422739615499095,0
2024-01-05,1.1540132659200844,1.237435342176449,1.0236544951829039,1.0942899338683116,1.3260162601626015,5.87,5.24,4.35146,2274.59,0.1118535141887718,1
2024-01-12,1.1464174069017046,1.2401391871170313,0.9977588733365602,1.1385759468855372,1.3284552845528455,5.86,5.24,4.35942,2248.58,0.1080911641884292,0
2024-01-19,1.154859543691154,1.2066431765062668,0.9688165127273449,1.1076796403272604,1.259349593495935,5.86,5.24,4.35324,2200.91,0.1270911774617997,1
2024-01-26,1.1733228477453403,1.2419539298924671,0.9566295576758587,1.1385759468855372,1.278048780487805,5.86,5.24,4.36894,2223.47,0.1295903625403718,1
2024-02-02,1.2745562459943711,1.3424224745540179,1.0190877023147258,1.2709242752960241,1.410569105691057,5.85,5.36,4.31565,2350.44,0.1629444205850806,0
2024-02-09,1.241675258450135,1.3252372258550909,0.9307339358295152,1.2137582664610398,1.378048780487805,5.86,5.36,4.32617,2309.39,0.1672786269290044,1
2024-02-16,1.2823378733039612,1.3695827187769851,0.9383507827366941,1.2441448623781268,1.5878048780487806,5.88,5.36,4.34037,2371.05,0.1748897201770332,1
2024-02-23,1.345509412776111,1.3623359271569557,0.9688165127273449,1.3347753352327678,1.7227642276422765,5.85,5.36,4.30526,2476.82,0.1821179937558048,1
2024-03-01,1.3394616228511511,1.355113494500355,0.982526837160267,1.374428209216614,1.7268292682926831,5.85,5.4,4.31522,2424.7,0.1797548411675938,0
2024-03-08,1.275423164686686,1.3089410793213105,1.0114708554075467,1.3569216091172858,1.7292682926829266,5.86,5.4,4.30165,2351.65,0.1904491198661469,1
2024-03-15,1.323021129079033,1.3650641310609668,1.0327947114715186,1.3028465378884908,1.8195121951219513,5.85,5.4,4.30219,2350.97,0.1960968440101052,1
2024-03-22,1.377523481628032,1.3904218119902125,1.1089598652671782,1.2910055676085421,1.8528455284552845,5.86,5.4,4.32142,2377.69,0.2068086365936616,1
2024-03-29,1.4190530151741731,1.424816668351495,1.143997361040201,1.3589800559374754,1.8609756097560977,5.88,5.4,4.30633,2436.05,0.223833274324141,1
2024-04-05,1.440684700639559,1.4628166513002205,1.1546592890721867,1.3811263298219933,1.8626016260162601,5.86,5.67,4.27977,2470.75,0.2188892251840171,0
2024-04-12,1.3818477546289845,1.4139403911805937,1.1196234509372285,1.3728794730376142,1.7276422764227644,5.86,5.67,4.28797,2446.16,0.2157239755097558,1
2024-04-19,1.4138515030202827,1.4465326842481545,1.13180874835065,1.3419112842094256,1.707317073170732,5.86,5.67,4.3106,2464.04,0.2223088837953323,1
2024-04-26,1.475299525568425,1.5087941947718355,1.2232075959606674,1.3817928745066261,1.7040650406504065,5.87,5.67,4.31827,2479.1,0.1965364445985887,0
2024-05-03,1.4363604276386064,1.4594429348653497,1.1777418991227777,1.4040175654128657,1.7252032520325202,5.86,5.67,4.3259,2470.52,0.1983910385951284,0
2024-05-10,1.306580635306915,1.3758551518598678,1.2181385387588932,1.2627035575188854,1.6195121951219513,5.86,5.67,4.30571,2523.05,0.2182619223679597,0
2024-05-17,1.295321012767442,1.349669266174047,1.2398900654435507,1.23706119141595,1.5934959349593496,5.85,5.67,4.26079,2574.96,0.1788977297289177,0
2024-05-24,1.3169526982328275,1.3244820979888021,1.1979402189408355,1.241053924771937,1.5479674796747966,5.85,5.67,4.25154,2528.8,0.1703494161605064,1
2024-05-31,1.347243250160741,1.3355532468671327,1.227461095234622,1.2627035575188854,1.5365853658536586,5.85,5.67,4.27441,2485.53,0.167818991881964,0
2024-06-07,1.2927202566904965,1.296274418338402,1.2150304673876287,1.2176921870507358,1.4764227642276424,5.85,5.73,4.31488,2428.84,0.1580238899196962,0
2024-06-14,1.3005122044607094,1.300305826785847,1.1233597671350046,1.179509632224168,1.4365853658536585,5.85,5.73,4.37897,2413.73,0.1692128001110682,1
2024-06-21,1.3757896442434017,1.3536884951397778,1.1016065828122825,1.2541626369030503,1.4869918699186992,5.85,5.73,4.32622,2489.91,0.1883256203146481,1
2024-06-28,1.4285684798683933,1.4020410375456882,1.1078227255548114,1.2923321222259978,1.5642276422764227,5.85,5.73,4.31122,2561.27,0.1874908400134486,0
2024-07-05,1.386172027629937,1.384916686255333,1.1093742747833466,1.2627035575188854,1.5292682926829269,5.85,5.65,4.28277,2518.89,0.1620338100182767,1
2024-07-12,1.3913632193232048,1.4211750033189088,1.1093742747833466,1.2860652952400866,1.5796747967479676,5.86,5.65,4.25258,2566.19,0.139398103500117,0
2024-07-19,1.3654072608568666,1.3657705410003982,1.1140372106592757,1.2433280184018611,1.5747967479674798,5.86,5.65,4.28713,2476.38,0.1887805463675717,0
2024-07-26,1.3429086566991657,1.3405955522968676,1.1357887373439335,1.2307943644300388,1.5121951219512195,5.86,5.65,4.27415,2407.15,0.1755685678553523,0
2024-08-02,1.2684981356087883,1.2650584067045612,1.020813303540052,1.1772355385942441,1.3764227642276423,5.85,5.28,4.29229,2339.16,0.2003528301911518,1
2024-08-09,1.2391983479006634,1.3587308005695127,1.039456758853445,1.3857856078626132,1.3268292682926828,5.86,5.28,4.31891,2258.52,0.2154085337208375,1
2024-08-16,1.3538380244987094,1.5037640688238152,1.0472277661006384,1.4592884962229133,1.475609756097561,5.86,5.28,4.26281,2421.06,0.2556284851331078,1
2024-08-23,1.3966060133195863,1.4977230458935051,1.0891776126033537,1.427947826541548,1.4813008130081302,5.85,5.28,4.2649,2401.25,0.25760368223864,1
2024-08-30,1.402055216528424,1.4846301030505948,1.137343601848598,1.4592884962229133,1.5138211382113822,5.85,5.28,4.28204,2412.16,0.2373272065124982,0
2024-09-06,1.3638488713028238,1.417143594871464,1.1000550335837471,1.3390621324202105,1.4308943089430894,5.86,5.31,4.28232,2318.2,0.2327519589127078,1
2024-09-13,1.3856869659806654,1.424195514784064,1.1124840037926758,1.3726768957314999,1.510569105691057,5.85,5.31,4.28048,2336.62,0.195666945228856,1
2024-09-20,1.3502052223594845,1.3960000146153781,1.1590951285332556,1.3493151580102989,1.553658536585366,5.85,5.31,4.2696,2279.98,0.214754864898996,1
2024-09-27,1.4111681832583551,1.4292256407320842,1.16220319990452,1.3857856078626132,1.494308943089431,5.85,5.31,4.27648,2382.95,0.233716032497311,0
2024-10-04,1.310161835143026,1.3315340179014021,1.1171436243924757,1.3390621324202105,1.3804878048780487,5.85,5.6,4.31698,2291.53,0.2198617648600114,1
2024-10-11,1.4093414617281197,1.4151218009068842,1.1513274365621913,1.3988943199937265,1.4455284552845529,5.87,5.6,4.29116,2333.75,0.1998607508485113,0
2024-10-18,1.398422414389199,1.3990205260805333,1.1668644781423845,1.3857856078626132,1.4528455284552846,5.85,5.6,4.30573,2303.33,0.189468321440721,0
2024-10-25,1.355654425568322,1.356721186086647,1.1606499930379202,1.3362064458791856,1.367479674796748,5.85,5.6,4.34794,2245.25,0.1712327238110946,0
2024-11-01,1.352011302968474,1.3133987696287572,1.1538437311443668,1.1350667851634995,1.2666666666666668,5.85,5.66,4.36313,2205.47,0.1796988994615687,1
2024-11-08,1.3429189771597885,1.3375750408317124,1.1300052381362842,1.1578599994772198,1.316260162601626,5.84,5.66,4.32718,2298.3,0.219625261524092,0
2024-11-15,1.271036968921997,1.2358520095535854,1.1760942068864915,1.1532987427137515,1.2585365853658537,5.85,5.66,4.31717,2188.75,0.2423906998512478,0
2024-11-22,1.2255546989573238,1.2026044603697934,1.1125221294681633,1.119108921243171,1.2634146341463415,5.85,5.66,4.33579,2194.06,0.254030008197136,0
2024-11-29,1.260117921583076,1.1703763338054913,1.1125221294681633,1.0803643777609326,1.1951219512195121,5.85,5.66,4.29515,2191.12,0.2317699625098362,1
2024-12-06,1.3747679186417447,1.2831814754954918,1.1888082908425441,1.1373474135452335,1.2536585365853659,5.87,5.73,4.26657,2310.0,0.22008272488848,1
2024-12-13,1.3774925202461634,1.253975078344516,1.1999343575326389,1.1350667851634995,1.2715447154471546,5.86,5.73,4.2622,2273.12,0.182287112272314,0
2024-12-20,1.3447353782294011,1.1965695271803403,1.1141118043721863,1.1532987427137515,1.2325203252032522,5.85,5.73,4.26001,2200.39,0.1720431551118783,0
2024-12-27,1.348378500829249,1.1965695271803403,1.0807369195780316,1.107718848838121,1.23739837398374,5.85,5.73,4.27088,2204.19,0.1714371703495511,1
2025-01-03,1.35929754816817,1.2116745204024588,1.1029857376820915,1.1464633923203595,1.2447154471544715,5.84,5.94,4.26841,2237.57,0.1806282168631633,1
2025-01-10,1.3693083949722842,1.2640475097222712,1.1315932554022423,1.2193977572731787,1.2723577235772356,5.83,5.94,4.26559,2257.16,0.146998462336156,1
2025-01-17,1.3711247960418969,1.2590173837742509,1.182451248864518,1.2102817784980526,1.2764227642276424,5.85,5.94,4.26134,2307.26,0.1785500815173064,1
2025-01-24,1.472120823696603,1.3315340179014021,1.2190071411047827,1.2723880597014925,1.3487804878048781,5.88,5.94,4.21124,2378.78,0.1514667432898344,1
2025-01-31,1.5085107678525906,1.3828948922907534,1.233310899964858,1.299742530778681,1.4195121951219511,5.86,5.94,4.2191,2433.77,0.1435438455020202,1
2025-02-07,1.5212462162611242,1.4181544918537536,1.3477426284835263,1.3840735028883602,1.5065040650406505,5.86,5.83,4.19324,2488.16,0.1815820823225848,1
2025-02-14,1.5840358986902303,1.48663971753346,1.406545681189786,1.3270904671040593,1.5967479674796747,5.87,5.83,4.15957,2575.77,0.1606769001032987,1
2025-02-21,1.5994959487031826,1.5108159887364152,1.4462792656000318,1.3339323522492614,1.6682926829268294,5.87,5.83,4.16337,2618.17,0.1972320612627203,0
2025-02-28,1.5576361604171116,1.4090929574582884,1.5257464344205227,1.3498902161695898,1.6682926829268294,5.86,5.83,4.19529,2579.52,0.2284552134325512,1
2025-03-07,1.6458967396632844,1.4544128089173294,1.5209774097084545,1.4137020675954726,1.4886178861788617,5.85,5.86,4.1728,2642.59,0.2792915674573588,1
2025-03-14,1.6959406532232346,1.5249198285616155,1.5193893924424966,1.3988943199937265,1.5463414634146342,5.86,5.86,4.18583,2754.38,0.3078369442245346,0
2025-03-21,1.6522644638675512,1.4664948547779497,1.590906529104809,1.362423870141412,1.5926829268292684,5.85,5.86,4.19427,2725.07,0.2947218738288964,1
2025-03-28,1.6650102327367073,1.4957012519289254,1.552764277236651,1.4034490420053847,1.6243902439024391,5.86,5.86,4.18021,2747.7,0.2812523412103612,0
2025-04-04,1.3902382891153198,1.2902333954080918,1.3223128029333562,1.2433280184018611,1.386178861788618,5.69,5.3,4.27061,2467.99,0.3541077335656344,1
2025-04-11,1.444823205349301,1.3677923349649779,1.368403429321628,1.3231042684998822,1.4325203252032521,5.58,5.3,4.28054,2529.25,0.398799736634354,1
2025-04-18,1.5348898652044638,1.4634743433127946,1.458995007194149,1.3903403298742711,1.5447154471544715,5.49,5.3,4.27828,2643.52,0.4164489269776996,1
2025-04-25,1.6540911853977867,1.5883749282933015,1.5734250780747527,1.4638432182345713,1.6813008130081302,5.42,5.3,4.27265,2793.7,0.4299108032871858,0
2025-05-02,1.6286099681200972,1.4745576716728397,1.5180997500281799,1.4507475756070785,1.6813008130081302,5.36,5.41,4.27711,2811.07,0.4371009224811656,1
2025-05-09,1.6995734553624597,1.537221105093094,1.5892356299356172,1.3155762344146167,1.6577235772357726,5.19,5.41,4.23283,2842.14,0.3243036006476091,0
2025-05-16,1.5849337787644138,1.56623263053664,1.6571407732550043,1.2989518258096557,1.646341463414634,5.25,5.41,4.26602,2810.35,0.2396186691475192,0
2025-05-23,1.5221647372565532,1.5204864972175973,1.6733027443855797,1.286026086729226,1.6040650406504067,5.22,5.41,4.25711,2716.88,0.2126790107164462,1
2025-05-30,1.5458089125433847,1.588545441037302,1.7185728399318376,1.2712510128865304,1.661788617886179,5.22,5.41,4.24938,2771.86,0.2076788952822201,0
2025-06-06,1.417525587001999,1.4792102336877155,1.7040187777239963,1.2306179261311654,1.569918699186992,5.21,5.53,4.29038,2699.85,0.1714326586251905,0
2025-06-13,1.444823205349301,1.522727521853035,1.6134868748218039,1.239237263768722,1.5552845528455286,5.22,5.53,4.27319,2707.86,0.2059725303852778,1
2025-06-20,1.4484663279491488,1.5137999617564273,1.6345040678438107,1.309420498209478,1.526829268292683,5.22,5.53,4.26748,2735.44,0.2000891652553751,1
2025-06-27,1.5139702915220512,1.5684614756903634,1.6425949992374864,1.3137268996523512,1.569918699186992,5.24,5.53,4.24129,2815.66,0.2076118312138383,1
2025-07-04,1.5794742550949532,1.624231322460304,1.68623232129004,1.3285019734950465,1.5959349593495935,5.07,5.34,4.24345,2864.98,0.2048758106096568,1
2025-07-11,1.5994959487031826,1.5941114641807532,1.7072677483307586,1.3475834487806153,1.5634146341463415,5.03,5.34,4.26409,2860.93,0.188712699069163,1
2025-07-18,1.6886544080235388,1.704555004366344,1.731502416836298,1.3734414616932848,1.7317073170731707,4.99,5.34,4.24503,2964.25,0.1886760350284441,1
2025-07-25,1.6913893300885805,1.7458312678962258,1.807488545720973,1.4091473455838146,1.7788617886178864,4.96,5.34,4.24942,2962.94,0.1431917202867172,0
2025-08-01,1.666816313345697,1.7201690999241217,1.731502416836298,1.5002613900724049,1.5341463414634147,4.93,5.4,4.27233,2884.84,0.1818234698630099,1
2025-08-08,1.839229928510169,2.0883061142216155,1.896420827890755,1.5593551506913765,1.7040650406504065,4.91,5.4,4.24614,3022.19,0.199169332749414,1
2025-08-15,1.9553454309772753,1.9812119315074663,1.9659421683231997,1.5433515435083773,1.7569105691056912,4.88,5.4,4.25864,2949.71,0.2099793530353735,0
2025-08-22,1.7260454368599378,1.789336376579831,1.9950337163582355,1.4682476409545966,1.6300813008130082,4.85,5.4,4.26107,2880.55,0.264421123472671,0
2025-08-29,1.6675077842074248,1.7224101245595596,1.941674347056366,1.3869880021956764,1.5560975609756098,4.82,5.4,4.26304,2793.76,0.2569898086117291,0
2025-09-05,1.6733594853805513,1.6933985991160132,1.940066438133632,1.395600805081423,1.5544715447154471,4.75,5.47,4.24993,2805.02,0.2284045532589857,1
2025-09-12,1.6879938985436798,1.6878203964908478,2.0128201727921917,1.4005280079462583,1.578048780487805,4.73,5.47,4.25466,2836.58,0.2401709120174044,1
2025-09-19,1.6489619164682559,1.6788928363942401,2.067787451016795,1.395600805081423,1.6211382113821138,4.74,5.47,4.26243,2802.69,0.1722353794494634,1
2025-09-26,1.6557940614005482,1.661049895682739,2.1421490945980888,1.3937580050709673,1.6,4.72,5.47,4.26751,2832.26,0.1606936516080146,1
2025-10-03,1.7299465709753559,1.7034466715303396,2.104968272807442,1.3980644065138406,1.647967479674797,4.7,5.4,4.25285,2862.96,0.1473534313956802,1
2025-10-10,1.737759159666814,1.734674862645895,2.0807336043019022,1.3937580050709673,1.6560975609756097,4.54,5.4,4.26447,2873.04,0.1145963919743584,0
2025-10-17,1.7484924387145244,1.7380242201173368,1.9788551688470133,1.3777543978879683,1.61869918699187,4.5,5.4,4.24093,2872.02,0.1231406692699122,1
2025-10-24,1.8089806584247468,1.7971434243587197,1.9788551688470133,1.4319274903939148,1.7414634146341463,4.47,5.4,4.2434,2981.19,0.1309016172719797,0
2025-10-31,1.7777612650407812,1.6710857886153512,2.0966303533421295,1.4343910918263323,1.660162601626016,4.46,5.4,4.25523,2987.33,0.1569489358576857,0
2025-11-07,1.6616457625736751,1.701205646894902,2.158874662670654,1.3525106516454504,1.7341463414634146,4.3,5.28,4.2395,2970.61,0.1648861365465655,1
2025-11-14,1.663596329631384,1.6833627061834011,2.237496436078161,1.3925229369788534,1.7878048780487803,4.27,5.28,4.22551,2990.37,0.1567603194827249,0
2025-11-21,1.6274953583728347,1.6911697539622899,2.113007817421113,1.4005280079462583,1.7227642276422765,4.23,5.28,4.23845,2921.08,0.1726851741308222,1
2025-11-28,1.7084800128799347,1.7636863880894411,2.2276666423546416,1.4510089656794833,1.7365853658536587,4.22,5.28,4.23596,3001.96,0.1722250606772932,0
2025-12-05,1.7065294458222258,1.7268678148670062,2.311211600814232,1.407298010821549,1.696747967479675,4.07,5.21,4.23062,2950.3,0.1660457658229671,1
2025-12-12,1.7914255549053664,1.8183479020233773,2.350514199327662,1.4029916093786758,1.7178861788617887,4.06,5.21,4.22404,3079.15,0.1687308000284195,1
2025-12-19,1.8567953524901721,1.8350703304171594,2.4275114874317882,1.4343910918263323,1.7878048780487803,4.02,5.21,4.20528,3146.48,0.1425798453911947,0
2025-12-26,1.863627497422465,1.803842139301604,2.4193227553922965,1.4300781556316489,1.7934959349593496,4.0,5.21,4.21614,3155.57,0.1416181820214959,1
2026-01-02,1.9407006973535241,1.8629613435429868,2.434059157787252,1.4614776380793058,1.8601626016260162,3.97,5.1,4.20863,3262.48,0.1553567489678394,0
2026-01-09,1.9280168512481048,1.8585036532355401,2.440606828142716,1.4928705857751523,1.7739837398373983,3.95,5.1,4.21183,3275.88,0.1782990921352923,0
2026-01-16,1.9133824380849764,1.837311355052597,2.5093988078267038,1.4928705857751523,1.7146341463414634,3.94,5.1,4.2202,3283.42,0.1760075123758298,1
2026-01-23,1.9485132860449825,1.8384196878886014,2.511039869510731,1.5322686044384035,1.696747967479675,3.92,5.1,4.20786,3299.55,0.1882757741032193,1
2026-01-30,2.043151909956045,1.9120446548517573,2.58639609593083,1.6221541155866899,1.7569105691056912,3.9,5.1,4.21132,3360.09,0.1947537525061087,1
2026-02-06,2.055835756061464,2.030295242816237,2.489755796760312,1.7268081658258618,1.8008130081300813,3.88,4.99,4.21828,3392.41,0.1843007959190637,0
2026-02-13,1.9719304111981126,1.9588991210068045,2.3587029313671537,1.6978722848106227,1.713008130081301,3.86,4.99,4.20994,3359.49,0.198042314035057,1
2026-02-20,2.0168140944466635,1.9254299052558117,2.507774322523323,1.741583239668557,1.7804878048780488,3.82,4.99,4.22191,3383.82,0.1870630830096901,0
2026-02-27,2.040231219599793,1.8741177487933178,2.5175875398661955,1.708334422458635,1.6691056910569106,3.8,4.99,4.22189,3440.02,0.196865698781793,0
2026-03-06,1.8665481877787167,1.7290966600207294,2.2178368486311224,1.4411610947016231,1.5130081300813008,3.77,5.58,4.27051,3262.33,0.2568043953287882,1
2026-03-13,1.8031289572516198,1.7380242201173368,2.2391374977621887,1.4577789685547742,1.5617886178861788,3.83,5.58,4.27904,3274.54,0.2568922133973543,1
2026-03-20,1.7758106979830721,1.7502889582036725,2.1703455180782005,1.4731748438194319,1.6821138211382114,3.83,5.58,4.27605,3248.12,0.2671500641305022,1
2026-03-27,1.7962968123193275,1.7781799713295001,2.2031004462361667,1.4916420524348486,1.7471544715447156,3.86,5.58,4.28369,3268.55,0.2663817013385309,1
2026-04-03,1.8763113435278842,1.8618530107069824,2.2997407454066847,1.5704380897613508,1.8715447154471545,3.85,5.58,4.27822,3433.65,0.2073293689585672,1
2026-04-10,2.0685299226275067,2.052608053316899,2.4668140859452183,1.7064916224481792,2.0674796747967483,3.84,5.58,4.24879,3596.84,0.2134210857868249,1
2026-04-17,2.126097451981477,2.1028118769433886,2.5618133234317084,1.748967509214,2.0747967479674796,3.87,5.58,4.22325,3700.6,0.2025722768999304,0
2026-04-24,2.0129129603312452,1.9533209183816391,2.3865512508536835,1.6585200094100423,1.8699186991869918,3.84,5.58,4.24101,3556.91,0.1892119887151702,0
2026-05-01,1.9729005344966555,1.8741177487933178,2.372080070549076,1.5624591578011866,1.8430894308943089,3.84,5.74,4.2445,3487.99,0.183574064172879,1
2026-05-08,1.9729005344966555,1.87746710626476,2.3869988131311457,1.6147371722821966,1.7780487804878047,3.84,5.74,4.23804,3535.94,0.1739024769655085,1
2026-05-15,1.9855843806020748,1.88415364172593,2.3140627382854717,1.6552526335049793,1.8902439024390245,3.86,5.74,4.24825,3545.38,0.2172670133562531,1
2026-05-22,2.074381623800633,1.935477977670138,2.420151574424634,1.6859659670125728,1.873170731707317,3.86,5.74,4.2383,3641.19,0.2356908639911772,1
2026-05-29,2.097798748953763,1.965597835949689,2.463250164106168,1.8133936273100346,1.9821138211382114,3.86,5.74,4.23038,3686.96,0.2431231308355821,0
2026-06-05,2.002179681283535,1.8763465939470412,2.463250164106168,1.791828946336618,1.969918699186992,3.85,5.51,4.24384,3607.79,0.2400749471845057,1
2026-06-12,2.1309687093954377,2.023011912751065,2.506348753787703,1.945395613874585,2.1910569105691056,3.86,5.51,4.24487,3713.88,0.2180132111155208,1
2026-06-19,2.144632999260023,2.0887811140084747,2.7384180828421196,1.8989988760226886,2.2219512195121953,3.84,5.51,4.25788,3678.84,0.1938318903036896,0
2026-06-26,2.1104825950591826,2.0303196017796656,2.7002924073546084,1.8401861097315522,2.126016260162602,3.86,5.51,4.28893,3572.3,0.1977943406699717,1
2026-07-03,2.143652555500857,2.069293943265538,2.8610832996280258,1.8741668191442087,2.1747967479674797,3.83,5.5,4.28914,3674.68,0.1841993854572476,1
2026-07-10,2.2987897195827642,2.1679477451516527,2.7864895867176775,1.9565046919517997,2.2154471544715446,3.85,5.5,4.32949,3769.5,0.181662474816647,0
2026-07-17,2.1748822693454453,2.031537549951099,2.6986347692899337,1.8434534856366156,2.1178861788617884,3.82,5.5,4.33869,3766.41,0.1623749068055058,0
2026-07-24,2.1709708147694045,2.074165735951272,2.633986884767632,1.7839872441644664,2.0195121951219512,3.79,5.5,4.31711,3826.08,0.1357521645599753,1
2026-07-31,2.279284049005675,2.387178416009685,2.763282653812236,1.9140288051859788,2.001626016260163,3.82,5.5,4.30807,3920.26,0.1346762220973582,1
2026-08-07,2.347904791686662,2.4590373581242626,2.8627409376927004,1.9225239825391431,2.0951219512195123,3.84,5.5,4.29775,4000.25,0.1256208288473364,1
2026-08-14,2.5625703726408715,2.519934766695938,2.8726867660807467,1.9336330606163576,2.11869918699187,3.83,5.5,4.307,4032.0,0.1284626776752091,0
2026-08-21,2.629653366689062,2.5162809221816373,2.852795109304654,1.9244844080821808,2.0520325203252034,3.83,5.5,4.31412,3995.19,0.142124472024347,0
2026-08-28,2.6183008600039837,2.484614269724366,2.8992089751155374,1.9140288051859788,2.004878048780488,3.83,5.5,4.34023,3993.7,0.1554922845104301,1
2026-09-04,2.696736360737252,2.5662167972104117,2.930704098344351,1.9231774577201557,2.0853658536585367,3.8,5.5,4.31196,4090.27,0.1529269889959065,1
2026-09-11,2.7803320917819203,2.599101397839116,2.8511374712399795,1.9270983088062312,2.167479674796748,3.84,5.5,4.32377,4139.25,0.1527423805621764,0
