Run,Model,N_walidacja,Accuracy,AUC ROC,F1 Score,MCC,Opt Threshold (Mean)
1,Quantum SVM (Odra HW),146,0.5753424657534246,0.4741866354958114,0.7181818181818181,-0.01241991419050689,0.4476027397260274
1,Classical SVM (Raw),146,0.5821917808219178,0.4628872004675628,0.7188940092165899,0.02387136773511931,0.46294520547945206
2,Quantum SVM (Odra HW),146,0.5616438356164384,0.49084356127021234,0.7142857142857143,-0.09500155862561012,0.44150684931506856
2,Classical SVM (Raw),146,0.5205479452054794,0.38301188388856416,0.6728971962616822,-0.15258435023015102,0.4684931506849315
3,Quantum SVM (Odra HW),146,0.5547945205479452,0.46171829339567505,0.7031963470319634,-0.07857397971608146,0.45773972602739726
3,Classical SVM (Raw),146,0.5342465753424658,0.3920709136956945,0.6851851851851852,-0.12488465401565589,0.4602739726027397
4,Quantum SVM (Odra HW),146,0.5205479452054794,0.4531463082018313,0.6728971962616822,-0.15258435023015102,0.4669863013698631
4,Classical SVM (Raw),146,0.5547945205479452,0.42178063510617575,0.6948356807511737,-0.04393100963232299,0.4656164383561644
5,Quantum SVM (Odra HW),146,0.541095890410959,0.4753555425676992,0.6912442396313364,-0.11017554339285836,0.461986301369863
5,Classical SVM (Raw),146,0.5342465753424658,0.4734073641145529,0.6792452830188679,-0.0988909021946019,0.465068493150685
6,Quantum SVM (Odra HW),146,0.5342465753424658,0.4683421001363725,0.6909090909090909,-0.15944484433758846,0.4365753424657534
6,Classical SVM (Raw),146,0.5136986301369864,0.3756088057666082,0.6570048309178744,-0.1279402019301307,0.4656164383561645
7,Quantum SVM (Odra HW),146,0.5684931506849316,0.4537307617377752,0.7149321266968326,-0.04316115230311788,0.4215068493150685
7,Classical SVM (Raw),146,0.5616438356164384,0.4276251704656146,0.7037037037037037,-0.03785286649161885,0.46239726027397265
8,Quantum SVM (Odra HW),146,0.541095890410959,0.483343074225599,0.6854460093896714,-0.08452548688750754,0.4483561643835617
8,Classical SVM (Raw),146,0.5273972602739726,0.46814728229105784,0.6666666666666666,-0.09145725372349187,0.47856164383561656
9,Quantum SVM (Odra HW),146,0.5684931506849316,0.4741866354958114,0.72,-0.07561402147042162,0.4443835616438356
9,Classical SVM (Raw),146,0.541095890410959,0.4001558542762517,0.6883720930232559,-0.09654087132360098,0.4576712328767123
10,Quantum SVM (Odra HW),146,0.5205479452054794,0.42772257938827196,0.6634615384615384,-0.11496082727603395,0.49397260273972615
10,Classical SVM (Raw),146,0.5068493150684932,0.3971361776738749,0.660377358490566,-0.17843950671477754,0.46931506849315074
