Perm_Makro,PKO (q0),PEKAO_HUB (q1),SAN (q2),ING (q3),MBK (q4),AUC ROC,Accuracy,F1-Score
"(4, 0, 1, 2, 3)",PKO + zmiennosc,PEKAO + wibor_3m,SAN + rentownosc_10y,ING + eurpln,MBK + wig20,0.5504174397031539,0.5146771037181996,0.6265060240963856
"(4, 0, 3, 2, 1)",PKO + zmiennosc,PEKAO + wibor_3m,SAN + wig20,ING + eurpln,MBK + rentownosc_10y,0.5502009894867037,0.5283757338551859,0.6491994177583698
"(3, 1, 4, 2, 0)",PKO + wig20,PEKAO + rentownosc_10y,SAN + zmiennosc,ING + eurpln,MBK + wibor_3m,0.5442640692640692,0.5499021526418787,0.6676300578034682
"(4, 2, 1, 3, 0)",PKO + zmiennosc,PEKAO + eurpln,SAN + rentownosc_10y,ING + wig20,MBK + wibor_3m,0.5438311688311689,0.5303326810176126,0.6511627906976745
"(0, 2, 1, 3, 4)",PKO + wibor_3m,PEKAO + eurpln,SAN + rentownosc_10y,ING + wig20,MBK + zmiennosc,0.5422773654916512,0.5459882583170255,0.6484848484848484
"(0, 3, 4, 1, 2)",PKO + wibor_3m,PEKAO + wig20,SAN + zmiennosc,ING + rentownosc_10y,MBK + eurpln,0.542200061842919,0.5146771037181996,0.6487252124645893
"(3, 2, 0, 1, 4)",PKO + wig20,PEKAO + eurpln,SAN + wibor_3m,ING + rentownosc_10y,MBK + zmiennosc,0.5421304885590601,0.5283757338551859,0.6552217453505007
"(0, 3, 1, 4, 2)",PKO + wibor_3m,PEKAO + wig20,SAN + rentownosc_10y,ING + zmiennosc,MBK + eurpln,0.5410791589363018,0.5636007827788649,0.68188302425107
"(0, 4, 3, 2, 1)",PKO + wibor_3m,PEKAO + zmiennosc,SAN + wig20,ING + eurpln,MBK + rentownosc_10y,0.5405534941249226,0.5401174168297456,0.656934306569343
"(4, 3, 0, 2, 1)",PKO + zmiennosc,PEKAO + wig20,SAN + wibor_3m,ING + eurpln,MBK + rentownosc_10y,0.5405225726654298,0.5362035225048923,0.6619115549215406
"(4, 0, 1, 3, 2)",PKO + zmiennosc,PEKAO + wibor_3m,SAN + rentownosc_10y,ING + wig20,MBK + eurpln,0.5374613481756338,0.547945205479452,0.6617862371888726
"(4, 3, 1, 2, 0)",PKO + zmiennosc,PEKAO + wig20,SAN + rentownosc_10y,ING + eurpln,MBK + wibor_3m,0.537012987012987,0.538160469667319,0.6539589442815249
"(4, 0, 2, 1, 3)",PKO + zmiennosc,PEKAO + wibor_3m,SAN + eurpln,ING + rentownosc_10y,MBK + wig20,0.535482374768089,0.5362035225048923,0.6499261447562777
"(4, 2, 3, 0, 1)",PKO + zmiennosc,PEKAO + eurpln,SAN + wig20,ING + wibor_3m,MBK + rentownosc_10y,0.5334029066171924,0.5401174168297456,0.6559297218155198
"(4, 1, 2, 3, 0)",PKO + zmiennosc,PEKAO + rentownosc_10y,SAN + eurpln,ING + wig20,MBK + wibor_3m,0.5330550401978973,0.5322896281800391,0.6521106259097526
"(0, 4, 1, 3, 2)",PKO + wibor_3m,PEKAO + zmiennosc,SAN + rentownosc_10y,ING + wig20,MBK + eurpln,0.532900432900433,0.5401174168297456,0.656934306569343
"(2, 0, 4, 3, 1)",PKO + eurpln,PEKAO + wibor_3m,SAN + zmiennosc,ING + wig20,MBK + rentownosc_10y,0.5329004329004329,0.5283757338551859,0.6491994177583698
"(2, 4, 0, 3, 1)",PKO + eurpln,PEKAO + zmiennosc,SAN + wibor_3m,ING + wig20,MBK + rentownosc_10y,0.5315244279529994,0.5205479452054794,0.6464646464646465
"(3, 2, 1, 4, 0)",PKO + wig20,PEKAO + eurpln,SAN + rentownosc_10y,ING + zmiennosc,MBK + wibor_3m,0.5308673469387755,0.5342465753424658,0.6609686609686609
"(3, 2, 0, 4, 1)",PKO + wig20,PEKAO + eurpln,SAN + wibor_3m,ING + zmiennosc,MBK + rentownosc_10y,0.5305504019789734,0.5322896281800391,0.6590584878744651
"(0, 3, 1, 2, 4)",PKO + wibor_3m,PEKAO + wig20,SAN + rentownosc_10y,ING + eurpln,MBK + zmiennosc,0.5304112554112553,0.5342465753424658,0.6404833836858006
"(2, 4, 1, 3, 0)",PKO + eurpln,PEKAO + zmiennosc,SAN + rentownosc_10y,ING + wig20,MBK + wibor_3m,0.5304112554112553,0.5264187866927593,0.6472303206997084
"(4, 0, 2, 3, 1)",PKO + zmiennosc,PEKAO + wibor_3m,SAN + eurpln,ING + wig20,MBK + rentownosc_10y,0.5302566481137909,0.5205479452054794,0.6433770014556041
"(0, 1, 3, 2, 4)",PKO + wibor_3m,PEKAO + rentownosc_10y,SAN + wig20,ING + eurpln,MBK + zmiennosc,0.5298392084106369,0.5166340508806262,0.6340740740740741
"(3, 1, 0, 2, 4)",PKO + wig20,PEKAO + rentownosc_10y,SAN + wibor_3m,ING + eurpln,MBK + zmiennosc,0.5295299938157081,0.5459882583170255,0.6647398843930635
"(2, 3, 1, 4, 0)",PKO + eurpln,PEKAO + wig20,SAN + rentownosc_10y,ING + zmiennosc,MBK + wibor_3m,0.5286564625850341,0.538160469667319,0.6519174041297935
"(3, 0, 4, 2, 1)",PKO + wig20,PEKAO + wibor_3m,SAN + zmiennosc,ING + eurpln,MBK + rentownosc_10y,0.5281771799628943,0.5636007827788649,0.6836879432624113
"(0, 2, 3, 4, 1)",PKO + wibor_3m,PEKAO + eurpln,SAN + wig20,ING + zmiennosc,MBK + rentownosc_10y,0.528169449598021,0.5342465753424658,0.6590257879656161
"(2, 3, 1, 0, 4)",PKO + eurpln,PEKAO + wig20,SAN + rentownosc_10y,ING + wibor_3m,MBK + zmiennosc,0.5280921459492888,0.5166340508806262,0.6307922272047832
"(0, 2, 3, 1, 4)",PKO + wibor_3m,PEKAO + eurpln,SAN + wig20,ING + rentownosc_10y,MBK + zmiennosc,0.5278061224489795,0.5185909980430529,0.6392961876832844
"(0, 4, 1, 2, 3)",PKO + wibor_3m,PEKAO + zmiennosc,SAN + rentownosc_10y,ING + eurpln,MBK + wig20,0.5273500309214596,0.5264187866927593,0.6333333333333333
"(3, 2, 1, 0, 4)",PKO + wig20,PEKAO + eurpln,SAN + rentownosc_10y,ING + wibor_3m,MBK + zmiennosc,0.5259972170686456,0.5225048923679061,0.6411764705882353
"(2, 0, 1, 3, 4)",PKO + eurpln,PEKAO + wibor_3m,SAN + rentownosc_10y,ING + wig20,MBK + zmiennosc,0.5252473716759432,0.5244618395303327,0.6267281105990783
"(1, 0, 4, 2, 3)",PKO + rentownosc_10y,PEKAO + wibor_3m,SAN + zmiennosc,ING + eurpln,MBK + wig20,0.5249536178107607,0.5205479452054794,0.6293494704992436
"(3, 4, 1, 0, 2)",PKO + wig20,PEKAO + zmiennosc,SAN + rentownosc_10y,ING + wibor_3m,MBK + eurpln,0.5247990105132962,0.5283757338551859,0.6502177068214804
"(4, 1, 3, 0, 2)",PKO + zmiennosc,PEKAO + rentownosc_10y,SAN + wig20,ING + wibor_3m,MBK + eurpln,0.5242501546072974,0.5264187866927593,0.6388059701492538
"(2, 4, 1, 0, 3)",PKO + eurpln,PEKAO + zmiennosc,SAN + rentownosc_10y,ING + wibor_3m,MBK + wig20,0.5237940630797774,0.5303326810176126,0.6352583586626139
"(4, 3, 0, 1, 2)",PKO + zmiennosc,PEKAO + wig20,SAN + wibor_3m,ING + rentownosc_10y,MBK + eurpln,0.5230287569573284,0.5342465753424658,0.6657303370786517
"(3, 4, 1, 2, 0)",PKO + wig20,PEKAO + zmiennosc,SAN + rentownosc_10y,ING + eurpln,MBK + wibor_3m,0.523013296227582,0.5459882583170255,0.6598240469208211
"(4, 2, 0, 3, 1)",PKO + zmiennosc,PEKAO + eurpln,SAN + wibor_3m,ING + wig20,MBK + rentownosc_10y,0.5229591836734694,0.50293542074364,0.6392045454545454
"(1, 4, 0, 3, 2)",PKO + rentownosc_10y,PEKAO + zmiennosc,SAN + wibor_3m,ING + wig20,MBK + eurpln,0.5228354978354979,0.5440313111545988,0.6647482014388489
"(0, 2, 4, 3, 1)",PKO + wibor_3m,PEKAO + eurpln,SAN + zmiennosc,ING + wig20,MBK + rentownosc_10y,0.5224953617810761,0.5166340508806262,0.6456241032998565
"(0, 2, 4, 1, 3)",PKO + wibor_3m,PEKAO + eurpln,SAN + zmiennosc,ING + rentownosc_10y,MBK + wig20,0.5222711811997526,0.5205479452054794,0.6464646464646465
"(0, 1, 2, 3, 4)",PKO + wibor_3m,PEKAO + rentownosc_10y,SAN + eurpln,ING + wig20,MBK + zmiennosc,0.5216836734693877,0.5048923679060665,0.6206896551724138
"(3, 0, 1, 4, 2)",PKO + wig20,PEKAO + wibor_3m,SAN + rentownosc_10y,ING + zmiennosc,MBK + eurpln,0.5214285714285714,0.5068493150684932,0.631578947368421
"(4, 1, 3, 2, 0)",PKO + zmiennosc,PEKAO + rentownosc_10y,SAN + wig20,ING + eurpln,MBK + wibor_3m,0.5212816944959802,0.5205479452054794,0.6282245827010622
"(2, 1, 0, 3, 4)",PKO + eurpln,PEKAO + rentownosc_10y,SAN + wibor_3m,ING + wig20,MBK + zmiennosc,0.5209492888064317,0.5225048923679061,0.6314199395770392
"(4, 1, 0, 2, 3)",PKO + zmiennosc,PEKAO + rentownosc_10y,SAN + wibor_3m,ING + eurpln,MBK + wig20,0.5206864564007421,0.49902152641878667,0.6201780415430267
"(1, 3, 0, 2, 4)",PKO + rentownosc_10y,PEKAO + wig20,SAN + wibor_3m,ING + eurpln,MBK + zmiennosc,0.5206864564007421,0.5322896281800391,0.6427503736920778
"(0, 2, 1, 4, 3)",PKO + wibor_3m,PEKAO + eurpln,SAN + rentownosc_10y,ING + zmiennosc,MBK + wig20,0.5205395794681508,0.5440313111545988,0.6647482014388489
"(2, 3, 0, 1, 4)",PKO + eurpln,PEKAO + wig20,SAN + wibor_3m,ING + rentownosc_10y,MBK + zmiennosc,0.5205318491032777,0.5322896281800391,0.6395173453996983
"(0, 3, 4, 2, 1)",PKO + wibor_3m,PEKAO + wig20,SAN + zmiennosc,ING + eurpln,MBK + rentownosc_10y,0.5203153988868274,0.5107632093933464,0.6397694524495677
"(2, 3, 0, 4, 1)",PKO + eurpln,PEKAO + wig20,SAN + wibor_3m,ING + zmiennosc,MBK + rentownosc_10y,0.5199752628324057,0.5088062622309197,0.6325036603221084
"(4, 1, 0, 3, 2)",PKO + zmiennosc,PEKAO + rentownosc_10y,SAN + wibor_3m,ING + wig20,MBK + eurpln,0.519952071737786,0.512720156555773,0.6332842415316642
"(4, 2, 0, 1, 3)",PKO + zmiennosc,PEKAO + eurpln,SAN + wibor_3m,ING + rentownosc_10y,MBK + wig20,0.5196505875077303,0.5088062622309197,0.6378066378066378
"(1, 0, 2, 3, 4)",PKO + rentownosc_10y,PEKAO + wibor_3m,SAN + eurpln,ING + wig20,MBK + zmiennosc,0.5196273964131107,0.5362035225048923,0.6425339366515838
"(3, 0, 1, 2, 4)",PKO + wig20,PEKAO + wibor_3m,SAN + rentownosc_10y,ING + eurpln,MBK + zmiennosc,0.5192717996289424,0.512720156555773,0.6244343891402715
"(1, 0, 3, 2, 4)",PKO + rentownosc_10y,PEKAO + wibor_3m,SAN + wig20,ING + eurpln,MBK + zmiennosc,0.5192408781694496,0.5146771037181996,0.6231003039513677
"(2, 0, 4, 1, 3)",PKO + eurpln,PEKAO + wibor_3m,SAN + zmiennosc,ING + rentownosc_10y,MBK + wig20,0.519078540507112,0.5107632093933464,0.629080118694362
"(3, 0, 2, 1, 4)",PKO + wig20,PEKAO + wibor_3m,SAN + eurpln,ING + rentownosc_10y,MBK + zmiennosc,0.519078540507112,0.5264187866927593,0.6344410876132931
"(4, 3, 1, 0, 2)",PKO + zmiennosc,PEKAO + wig20,SAN + rentownosc_10y,ING + wibor_3m,MBK + eurpln,0.5187538651824366,0.5303326810176126,0.6480938416422287
"(1, 0, 4, 3, 2)",PKO + rentownosc_10y,PEKAO + wibor_3m,SAN + zmiennosc,ING + wig20,MBK + eurpln,0.5179730983302411,0.5146771037181996,0.6331360946745562
"(3, 2, 4, 1, 0)",PKO + wig20,PEKAO + eurpln,SAN + zmiennosc,ING + rentownosc_10y,MBK + wibor_3m,0.5178726035868892,0.49706457925636005,0.6291486291486291
"(2, 1, 4, 3, 0)",PKO + eurpln,PEKAO + rentownosc_10y,SAN + zmiennosc,ING + wig20,MBK + wibor_3m,0.5171691403834261,0.5225048923679061,0.640117994100295
"(2, 4, 3, 1, 0)",PKO + eurpln,PEKAO + zmiennosc,SAN + wig20,ING + rentownosc_10y,MBK + wibor_3m,0.515839517625232,0.4892367906066536,0.6133333333333333
"(3, 4, 0, 1, 2)",PKO + wig20,PEKAO + zmiennosc,SAN + wibor_3m,ING + rentownosc_10y,MBK + eurpln,0.5156926406926406,0.5342465753424658,0.6619318181818182
"(0, 3, 2, 1, 4)",PKO + wibor_3m,PEKAO + wig20,SAN + eurpln,ING + rentownosc_10y,MBK + zmiennosc,0.515630797773655,0.512720156555773,0.6300148588410104
"(0, 3, 2, 4, 1)",PKO + wibor_3m,PEKAO + wig20,SAN + eurpln,ING + zmiennosc,MBK + rentownosc_10y,0.5156153370439085,0.5264187866927593,0.6420118343195266
"(2, 3, 4, 1, 0)",PKO + eurpln,PEKAO + wig20,SAN + zmiennosc,ING + rentownosc_10y,MBK + wibor_3m,0.5154916512059369,0.5264187866927593,0.6461988304093568
"(4, 0, 3, 1, 2)",PKO + zmiennosc,PEKAO + wibor_3m,SAN + wig20,ING + rentownosc_10y,MBK + eurpln,0.5151051329622758,0.5088062622309197,0.631424375917768
"(1, 2, 4, 3, 0)",PKO + rentownosc_10y,PEKAO + eurpln,SAN + zmiennosc,ING + wig20,MBK + wibor_3m,0.514904143475572,0.5185909980430529,0.641399416909621
"(1, 2, 3, 0, 4)",PKO + rentownosc_10y,PEKAO + eurpln,SAN + wig20,ING + wibor_3m,MBK + zmiennosc,0.5144557823129251,0.5225048923679061,0.6347305389221557
"(2, 1, 3, 0, 4)",PKO + eurpln,PEKAO + rentownosc_10y,SAN + wig20,ING + wibor_3m,MBK + zmiennosc,0.5144480519480519,0.5244618395303327,0.6301369863013698
"(2, 0, 3, 1, 4)",PKO + eurpln,PEKAO + wibor_3m,SAN + wig20,ING + rentownosc_10y,MBK + zmiennosc,0.5141156462585034,0.50293542074364,0.6163141993957704
"(3, 0, 4, 1, 2)",PKO + wig20,PEKAO + wibor_3m,SAN + zmiennosc,ING + rentownosc_10y,MBK + eurpln,0.514100185528757,0.5283757338551859,0.6542324246771879
"(3, 1, 0, 4, 2)",PKO + wig20,PEKAO + rentownosc_10y,SAN + wibor_3m,ING + zmiennosc,MBK + eurpln,0.5133735312306741,0.5048923679060665,0.6370157819225251
"(1, 4, 2, 0, 3)",PKO + rentownosc_10y,PEKAO + zmiennosc,SAN + eurpln,ING + wibor_3m,MBK + wig20,0.5131957328385899,0.5205479452054794,0.6248085758039816
"(4, 3, 2, 1, 0)",PKO + zmiennosc,PEKAO + wig20,SAN + eurpln,ING + rentownosc_10y,MBK + wibor_3m,0.5128555967841683,0.5107632093933464,0.6408045977011494
"(3, 4, 0, 2, 1)",PKO + wig20,PEKAO + zmiennosc,SAN + wibor_3m,ING + eurpln,MBK + rentownosc_10y,0.5127937538651824,0.5205479452054794,0.6474820143884892
"(1, 3, 0, 4, 2)",PKO + rentownosc_10y,PEKAO + wig20,SAN + wibor_3m,ING + zmiennosc,MBK + eurpln,0.512677798392084,0.5342465753424658,0.6560693641618497
"(1, 3, 4, 2, 0)",PKO + rentownosc_10y,PEKAO + wig20,SAN + zmiennosc,ING + eurpln,MBK + wibor_3m,0.5118351886209028,0.538160469667319,0.6539589442815249
"(1, 3, 4, 0, 2)",PKO + rentownosc_10y,PEKAO + wig20,SAN + zmiennosc,ING + wibor_3m,MBK + eurpln,0.5114409400123685,0.4931506849315068,0.6174298375184638
"(4, 2, 1, 0, 3)",PKO + zmiennosc,PEKAO + eurpln,SAN + rentownosc_10y,ING + wibor_3m,MBK + wig20,0.5111317254174397,0.5107632093933464,0.625748502994012
"(2, 0, 3, 4, 1)",PKO + eurpln,PEKAO + wibor_3m,SAN + wig20,ING + zmiennosc,MBK + rentownosc_10y,0.5109539270253556,0.5303326810176126,0.6470588235294118
"(0, 4, 3, 1, 2)",PKO + wibor_3m,PEKAO + zmiennosc,SAN + wig20,ING + rentownosc_10y,MBK + eurpln,0.5107065553494124,0.49510763209393344,0.6239067055393586
"(0, 1, 4, 2, 3)",PKO + wibor_3m,PEKAO + rentownosc_10y,SAN + zmiennosc,ING + eurpln,MBK + wig20,0.5096320346320347,0.5146771037181996,0.6331360946745562
"(1, 4, 0, 2, 3)",PKO + rentownosc_10y,PEKAO + zmiennosc,SAN + wibor_3m,ING + eurpln,MBK + wig20,0.5094928880643166,0.49902152641878667,0.6201780415430267
"(4, 2, 3, 1, 0)",PKO + zmiennosc,PEKAO + eurpln,SAN + wig20,ING + rentownosc_10y,MBK + wibor_3m,0.5081632653061224,0.5009784735812133,0.6298984034833092
"(2, 1, 3, 4, 0)",PKO + eurpln,PEKAO + rentownosc_10y,SAN + wig20,ING + zmiennosc,MBK + wibor_3m,0.5079004329004329,0.512720156555773,0.6354319180087847
"(0, 4, 2, 3, 1)",PKO + wibor_3m,PEKAO + zmiennosc,SAN + eurpln,ING + wig20,MBK + rentownosc_10y,0.5074443413729128,0.5166340508806262,0.6383601756954612
"(2, 0, 1, 4, 3)",PKO + eurpln,PEKAO + wibor_3m,SAN + rentownosc_10y,ING + zmiennosc,MBK + wig20,0.5067717996289424,0.5303326810176126,0.6352583586626139
"(3, 2, 4, 0, 1)",PKO + wig20,PEKAO + eurpln,SAN + zmiennosc,ING + wibor_3m,MBK + rentownosc_10y,0.50647804576376,0.5185909980430529,0.641399416909621
"(1, 2, 0, 4, 3)",PKO + rentownosc_10y,PEKAO + eurpln,SAN + wibor_3m,ING + zmiennosc,MBK + wig20,0.5053880643166357,0.5225048923679061,0.6473988439306358
"(1, 4, 2, 3, 0)",PKO + rentownosc_10y,PEKAO + zmiennosc,SAN + eurpln,ING + wig20,MBK + wibor_3m,0.5049010513296228,0.5283757338551859,0.6419019316493314
"(1, 2, 3, 4, 0)",PKO + rentownosc_10y,PEKAO + eurpln,SAN + wig20,ING + zmiennosc,MBK + wibor_3m,0.5041280148423006,0.5185909980430529,0.6485714285714286
"(1, 2, 0, 3, 4)",PKO + rentownosc_10y,PEKAO + eurpln,SAN + wibor_3m,ING + wig20,MBK + zmiennosc,0.5040507111935684,0.5107632093933464,0.638728323699422
"(1, 0, 3, 4, 2)",PKO + rentownosc_10y,PEKAO + wibor_3m,SAN + wig20,ING + zmiennosc,MBK + eurpln,0.5039270253555967,0.49510763209393344,0.6183431952662722
"(0, 1, 3, 4, 2)",PKO + wibor_3m,PEKAO + rentownosc_10y,SAN + wig20,ING + zmiennosc,MBK + eurpln,0.5038342609771181,0.5166340508806262,0.6466380543633763
"(0, 1, 4, 3, 2)",PKO + wibor_3m,PEKAO + rentownosc_10y,SAN + zmiennosc,ING + wig20,MBK + eurpln,0.5038033395176252,0.5205479452054794,0.6494992846924177
"(4, 1, 2, 0, 3)",PKO + zmiennosc,PEKAO + rentownosc_10y,SAN + eurpln,ING + wibor_3m,MBK + wig20,0.5028138528138528,0.5322896281800391,0.6351145038167939
"(3, 1, 2, 4, 0)",PKO + wig20,PEKAO + rentownosc_10y,SAN + eurpln,ING + zmiennosc,MBK + wibor_3m,0.502612863327149,0.5401174168297456,0.6559297218155198
"(0, 1, 2, 4, 3)",PKO + wibor_3m,PEKAO + rentownosc_10y,SAN + eurpln,ING + zmiennosc,MBK + wig20,0.5014378478664193,0.5048923679060665,0.6273932253313697
"(0, 4, 2, 1, 3)",PKO + wibor_3m,PEKAO + zmiennosc,SAN + eurpln,ING + rentownosc_10y,MBK + wig20,0.5014069264069264,0.5362035225048923,0.654014598540146
"(3, 0, 2, 4, 1)",PKO + wig20,PEKAO + wibor_3m,SAN + eurpln,ING + zmiennosc,MBK + rentownosc_10y,0.4999768089053803,0.5166340508806262,0.6383601756954612
"(1, 3, 2, 4, 0)",PKO + rentownosc_10y,PEKAO + wig20,SAN + eurpln,ING + zmiennosc,MBK + wibor_3m,0.49908781694495974,0.5166340508806262,0.6404657933042213
"(3, 4, 2, 1, 0)",PKO + wig20,PEKAO + zmiennosc,SAN + eurpln,ING + rentownosc_10y,MBK + wibor_3m,0.4990105132962276,0.5107632093933464,0.6355685131195336
"(1, 4, 3, 2, 0)",PKO + rentownosc_10y,PEKAO + zmiennosc,SAN + wig20,ING + eurpln,MBK + wibor_3m,0.4972943722943723,0.5225048923679061,0.6358208955223881
"(1, 4, 3, 0, 2)",PKO + rentownosc_10y,PEKAO + zmiennosc,SAN + wig20,ING + wibor_3m,MBK + eurpln,0.4971397649969078,0.5166340508806262,0.6307922272047832
"(2, 1, 0, 4, 3)",PKO + eurpln,PEKAO + rentownosc_10y,SAN + wibor_3m,ING + zmiennosc,MBK + wig20,0.4970933828076686,0.5048923679060665,0.6240713224368499
"(1, 3, 2, 0, 4)",PKO + rentownosc_10y,PEKAO + wig20,SAN + eurpln,ING + wibor_3m,MBK + zmiennosc,0.49679189857761297,0.5146771037181996,0.6265060240963856
"(3, 1, 2, 0, 4)",PKO + wig20,PEKAO + rentownosc_10y,SAN + eurpln,ING + wibor_3m,MBK + zmiennosc,0.49679189857761286,0.5166340508806262,0.6263237518910741
"(3, 4, 2, 0, 1)",PKO + wig20,PEKAO + zmiennosc,SAN + eurpln,ING + wibor_3m,MBK + rentownosc_10y,0.49635126777983923,0.50293542074364,0.6253687315634219
"(1, 2, 4, 0, 3)",PKO + rentownosc_10y,PEKAO + eurpln,SAN + zmiennosc,ING + wibor_3m,MBK + wig20,0.49559369202226344,0.5088062622309197,0.6281481481481481
"(2, 1, 4, 0, 3)",PKO + eurpln,PEKAO + rentownosc_10y,SAN + zmiennosc,ING + wibor_3m,MBK + wig20,0.4953076685219543,0.5185909980430529,0.6261398176291794
"(2, 3, 4, 0, 1)",PKO + eurpln,PEKAO + wig20,SAN + zmiennosc,ING + wibor_3m,MBK + rentownosc_10y,0.4948670377241806,0.49510763209393344,0.6149253731343284
"(3, 1, 4, 0, 2)",PKO + wig20,PEKAO + rentownosc_10y,SAN + zmiennosc,ING + wibor_3m,MBK + eurpln,0.4942022263450835,0.5146771037181996,0.6405797101449275
"(1, 0, 2, 4, 3)",PKO + rentownosc_10y,PEKAO + wibor_3m,SAN + eurpln,ING + zmiennosc,MBK + wig20,0.4918290043290044,0.5146771037181996,0.6363636363636364
"(2, 4, 3, 0, 1)",PKO + eurpln,PEKAO + zmiennosc,SAN + wig20,ING + wibor_3m,MBK + rentownosc_10y,0.4914038342609771,0.50293542074364,0.6220238095238095
"(4, 3, 2, 0, 1)",PKO + zmiennosc,PEKAO + wig20,SAN + eurpln,ING + wibor_3m,MBK + rentownosc_10y,0.4894016697588126,0.5185909980430529,0.6403508771929824
"(2, 4, 0, 1, 3)",PKO + eurpln,PEKAO + zmiennosc,SAN + wibor_3m,ING + rentownosc_10y,MBK + wig20,0.48596938775510207,0.5264187866927593,0.6461988304093568
