,pbv_pko,pbv_peo,pbv_san,pbv_ing,pbv_mbk,wibor_3m,rentownosc_10y,eurpln,wig20,zmiennosc,target_y
2014-12-05,1.26413,0.997212,0.991617,1.32949,1.9565,2.06,2.553157895,4.156,2438.42,0.1060440827818712,0
2014-12-12,1.22777,0.973654,0.925536,1.28158,1.8774,2.06,2.553157895,4.1809,2360.0,0.1167073987529923,0
2014-12-19,1.18414,0.959558,0.950355,1.21987,1.9071,2.06,2.553157895,4.2638,2310.88,0.1602270938424131,1
2014-12-26,1.19144,0.954759,0.958538,1.25415,1.9466,2.06,2.553157895,4.3726,2323.04,0.1621961415644262,0
2015-01-02,1.19874,0.940672,0.950355,1.24044,1.9367,2.06,2.211,4.2991,2309.39,0.1635480486955966,0
2015-01-09,1.21326,0.931329,0.784996,1.25415,1.9565,2.05,2.211,4.2674,2337.21,0.2046278852245837,0
2015-01-16,1.11152,0.907768,0.884177,1.22673,1.749,2.03,2.211,4.3021,2252.33,0.2326985170846818,1
2015-01-23,1.11152,0.945416,0.933807,1.22673,1.8083,2.02,2.211,4.2008,2319.59,0.2199500432494289,0
2015-01-30,1.1551,0.945416,0.875991,1.21294,1.8182,2.0,2.211,4.1834,2341.0,0.2174898376193636,1
2015-02-06,1.12612,1.00655,0.917263,1.21294,1.6798,1.97,2.196,4.1566,2354.47,0.1728728765100172,0
2015-02-13,1.10429,0.96891,0.942079,1.21294,1.6403,1.94,2.196,4.1843,2346.95,0.1079712149747703,1
2015-02-20,1.08969,0.964174,0.999907,1.15817,1.6502,1.86,2.196,4.1663,2348.94,0.0734740726723769,1
2015-02-27,1.09699,0.954759,0.975084,1.15817,1.7292,1.81,2.196,4.1457,2367.1,0.0687193286563849,0
2015-03-06,1.14057,0.950097,0.975084,1.14454,1.6699,1.65,2.325454545,4.1279,2345.93,0.0930458430939581,1
2015-03-13,1.1551,0.964174,0.966809,1.1651,1.6601,1.65,2.325454545,4.1466,2303.4,0.1051114831408239,1
2015-03-20,1.17691,0.973654,1.00827,1.1651,1.7391,1.65,2.325454545,4.1333,2407.7,0.1284869385178119,0
2015-03-27,1.10429,0.945416,1.04125,1.15817,1.6502,1.65,2.325454545,4.0988,2373.18,0.1322823686765527,1
2015-04-03,1.11882,0.945416,1.06601,1.14454,1.6601,1.65,2.3675,4.0635,2400.65,0.1192419877152506,1
2015-04-10,1.11882,0.959558,1.04125,1.24044,1.7292,1.65,2.3675,4.0254,2443.62,0.1070433889795814,1
2015-04-17,1.18414,0.973654,0.983352,1.25407,1.7687,1.65,2.3675,4.0275,2463.96,0.1302656779461788,1
2015-04-24,1.18414,0.987805,0.975084,1.23997,1.8182,1.65,2.3675,4.0377,2519.2,0.1227650870342428,0
2015-05-01,1.18414,0.964174,0.867633,1.24714,1.6897,1.65,2.82,4.0731,2514.63,0.1288847023449331,1
2015-05-08,1.2423,0.997212,0.867633,1.3105,1.7589,1.66,2.82,4.0458,2546.78,0.1327566792896636,0
2015-05-15,1.13327,0.96891,0.859447,1.3246,1.7193,1.67,2.82,4.0402,2514.84,0.123379433683763,0
2015-05-22,1.14787,0.96891,0.867633,1.2964,1.6601,1.68,2.82,4.1077,2516.76,0.090585704244452,0
2015-05-29,1.04613,0.945416,0.842903,1.2964,1.6502,1.68,2.82,4.1106,2437.81,0.1026803396672612,0
2015-06-05,1.03883,0.903096,0.851174,1.21192,1.581,1.68,3.19,4.1607,2365.58,0.1059690413698484,0
2015-06-12,1.05343,0.91244,0.834717,1.23997,1.5909,1.71,3.19,4.1381,2358.73,0.1248006003734795,0
2015-06-19,0.995255,0.910911,0.826357,1.15549,1.5118,1.72,3.19,4.1842,2299.35,0.1368542786401355,1
2015-06-26,1.00978,0.950692,0.884177,1.15549,1.4921,1.72,3.19,4.1765,2333.82,0.1559912953118681,0
2015-07-03,0.966212,0.920787,0.875991,1.15549,1.4427,1.72,3.16,4.192,2278.17,0.1708254819233953,0
2015-07-10,0.995255,0.876129,0.826357,1.09907,1.4229,1.72,3.16,4.175,2270.84,0.184886862822809,1
2015-07-17,0.995255,0.900954,0.859447,1.09206,1.413,1.72,3.16,4.1094,2285.03,0.1833243612714152,0
2015-07-24,0.922642,0.82633,0.842903,1.04982,1.3043,1.72,3.16,4.143,2187.67,0.1986251620803801,1
2015-07-31,0.937241,0.84615,0.818086,1.12735,1.3735,1.72,3.16,4.1426,2227.51,0.1996782775355084,0
2015-08-07,0.864553,0.945755,0.818086,1.24714,1.2253,1.72,2.881904762,4.1835,2196.78,0.1999963326009905,1
2015-08-14,0.886373,0.950692,0.784996,1.27528,1.2944,1.72,2.881904762,4.1834,2198.22,0.2027988262132809,0
2015-08-21,0.900823,0.940736,0.751995,1.24714,1.245,1.72,2.881904762,4.2254,2179.73,0.173975781943133,1
2015-08-28,0.929942,0.945755,0.743808,1.21192,1.3241,1.72,2.881904762,4.2142,2145.12,0.2764169367941396,0
2015-09-04,0.929942,0.940736,0.677631,1.17661,1.334,1.72,2.910909091,4.2288,2146.47,0.2805700210276188,1
2015-09-11,0.95169,0.97065,0.702447,1.18371,1.3735,1.72,2.910909091,4.2074,2185.46,0.2802551703503887,0
2015-09-18,0.95169,0.935799,0.702447,1.1625,1.334,1.72,2.910909091,4.2054,2168.19,0.2787127411827331,0
2015-09-25,0.915343,0.930862,0.661085,1.1343,1.2846,1.72,2.910909091,4.2281,2091.73,0.1829771350159657,0
2015-10-02,0.915343,0.896083,0.594995,1.14847,1.2846,1.73,2.660909091,4.2478,2036.32,0.1569385676530562,1
2015-10-09,0.988042,0.905891,0.694088,1.22594,1.4031,1.73,2.660909091,4.2201,2143.28,0.1765671795626978,0
2015-10-16,0.95169,0.915848,0.702447,1.22594,1.4031,1.73,2.660909091,4.2364,2121.94,0.1720233418406554,0
2015-10-23,0.95169,0.915848,0.685904,1.21886,1.3933,1.73,2.660909091,4.2493,2107.43,0.1447755253542052,0
2015-10-30,0.908122,0.886002,0.694088,1.1625,1.2747,1.73,2.660909091,4.24994,2060.03,0.1430420183276426,0
2015-11-06,0.893523,0.861102,0.702447,1.09907,1.2253,1.73,2.726,4.2693,2019.78,0.1098048161180737,0
2015-11-13,0.84272,0.811309,0.727177,1.06384,1.1561,1.73,2.726,4.2411,1978.87,0.1167940649724156,1
2015-11-20,0.857258,0.82633,0.718905,1.05683,1.1759,1.73,2.726,4.2405,2021.99,0.1469496919163689,0
2015-11-27,0.813682,0.796422,0.727177,1.02161,1.0672,1.73,2.726,4.2713,1936.05,0.1668629226246675,0
2015-12-04,0.791935,0.801364,0.727177,1.01451,1.0672,1.72,2.957,4.3145,1868.24,0.1696978560230806,0
2015-12-11,0.777336,0.781543,0.685904,1.00048,1.0672,1.72,2.957,4.3653,1757.37,0.2132475150466141,1
2015-12-18,0.835505,0.856165,0.627997,1.04264,1.1265,1.72,2.957,4.27352,1858.87,0.2360623805080771,1
2015-12-25,0.835505,0.836277,0.636269,1.07795,1.1462,1.72,2.957,4.23886,1879.75,0.2235554740527628,0
2016-01-01,0.835505,0.82132,0.644541,1.04264,1.1067,1.72,2.996842105,4.26333,1859.15,0.2255079895201515,0
2016-01-08,0.770112,0.756577,0.561906,1.0287,1.0277,1.72,2.996842105,4.3639,1725.14,0.2539993757997462,0
2016-01-15,0.733766,0.781543,0.553635,1.02161,1.0079,1.7,2.996842105,4.48024,1734.87,0.2513721336762026,0
2016-01-22,0.733766,0.751635,0.561906,0.923026,1.0079,1.7,2.996842105,4.45929,1727.22,0.2700832855143359,1
2016-01-29,0.755512,0.781543,0.553635,0.972279,1.1067,1.7,2.996842105,4.41985,1780.25,0.2833984933188282,0
2016-02-05,0.741064,0.811309,0.520546,0.986381,1.1067,1.69,3.03,4.40893,1790.87,0.2717936975672764,0
2016-02-12,0.755512,0.791487,0.470998,0.930037,1.1067,1.69,3.03,4.39712,1765.53,0.2352331568427483,1
2016-02-19,0.770112,0.841214,0.504087,0.986381,1.1561,1.69,3.03,4.36962,1841.06,0.216428197018584,0
2016-02-26,0.762812,0.84615,0.495901,1.00758,1.1363,1.68,3.03,4.36845,1844.57,0.2177766899061917,1
2016-03-04,0.791935,0.871117,0.553635,1.04982,1.1462,1.67,2.89,4.32118,1873.51,0.1980896644984728,1
2016-03-11,0.820907,0.876129,0.57845,1.03571,1.1956,1.67,2.89,4.29214,1910.87,0.199073309258555,1
2016-03-18,0.820907,0.896083,0.603268,1.05683,1.166,1.67,2.89,4.2628,1961.97,0.1682998140291034,0
2016-03-25,0.784634,0.886002,0.586722,1.05683,1.1759,1.67,2.89,4.26898,1936.19,0.1611289592603165,0
2016-04-01,0.820907,0.905891,0.520546,1.02161,1.1561,1.67,2.952857143,4.25498,1973.24,0.1795197366111788,0
2016-04-08,0.806381,0.851162,0.51236,1.00758,1.1462,1.67,2.952857143,4.29485,1919.42,0.185838149672221,1
2016-04-15,0.784634,0.866114,0.545361,1.07795,1.1462,1.67,2.952857143,4.29563,1939.95,0.1943840779713285,1
2016-04-22,0.762812,0.880999,0.611539,1.08709,1.1067,1.67,2.952857143,4.3636,1943.03,0.1742535278596194,0
2016-04-29,0.733766,0.866114,0.627997,1.08709,1.0672,1.67,2.952857143,4.3732,1896.64,0.1503496935027325,0
2016-05-06,0.741064,0.856165,0.545361,1.07259,1.0672,1.67,3.04,4.43284,1852.71,0.1411638354622564,0
2016-05-13,0.690196,0.82132,0.57845,1.04336,1.0277,1.67,3.04,4.41173,1815.38,0.1157587233351804,0
2016-05-20,0.690196,0.801364,0.570264,1.06526,1.0079,1.67,3.04,4.41542,1806.38,0.1546442227641934,1
2016-05-27,0.726465,0.831273,0.537175,1.10175,1.0672,1.68,3.04,4.38639,1839.22,0.1628289590984973,0
2016-06-03,0.697496,0.796422,0.586722,1.06526,1.0573,1.68,3.11,4.38616,1793.43,0.1940212952380328,0
2016-06-10,0.690196,0.791487,0.545361,1.08709,0.998,1.68,3.11,4.37514,1782.02,0.2187631043585814,1
2016-06-17,0.697496,0.801364,0.561906,1.10175,1.0079,1.7,3.11,4.42015,1754.45,0.211884712528018,0
2016-06-24,0.719242,0.787808,0.495901,1.09442,1.0079,1.71,3.11,4.4496,1769.67,0.286426685647247,0
2016-07-01,0.682895,0.777268,0.470998,1.13098,1.0079,1.71,2.888571429,4.41143,1744.56,0.2685829550379729,0
2016-07-08,0.668373,0.740286,0.454453,1.10908,1.0178,1.71,2.888571429,4.41266,1705.43,0.257013474489242,1
2016-07-15,0.697496,0.734947,0.520546,1.10908,1.0178,1.71,2.888571429,4.41039,1759.41,0.2564116298172093,1
2016-07-22,0.711943,0.740286,0.520546,1.13816,1.0277,1.71,2.888571429,4.358,1792.97,0.170841025090878,0
2016-07-29,0.697496,0.713851,0.520546,1.18196,0.998,1.71,2.888571429,4.35588,1759.74,0.1658708860808724,1
2016-08-05,0.806381,0.782605,0.487542,1.22578,1.1561,1.71,2.71,4.27974,1825.45,0.1680058623121426,1
2016-08-12,0.806381,0.81958,0.520546,1.2696,1.2154,1.71,2.71,4.27301,1857.7,0.1494721523130045,0
2016-08-19,0.755512,0.793084,0.495901,1.25495,1.1956,1.71,2.71,4.31438,1800.17,0.1571180958276947,1
2016-08-26,0.762812,0.782605,0.520546,1.29876,1.2055,1.71,2.71,4.33057,1775.9,0.1482189422671148,1
2016-09-02,0.755512,0.793084,0.528903,1.30608,1.2549,1.71,2.85,4.36619,1767.55,0.1122259917616176,0
2016-09-09,0.762812,0.782605,0.51236,1.22578,1.1759,1.71,2.85,4.33888,1754.12,0.1411228418401205,1
2016-09-16,0.770112,0.793084,0.545361,1.24777,1.1363,1.71,2.85,4.31021,1734.26,0.1438626951570228,1
2016-09-23,0.784634,0.803698,0.545361,1.29876,1.1462,1.71,2.85,4.30114,1762.48,0.1557454668727215,0
2016-09-30,0.748288,0.771992,0.504087,1.29876,1.1166,1.71,2.85,4.29529,1709.51,0.1472989509585419,1
2016-10-07,0.748288,0.803698,0.537175,1.29876,1.1363,1.71,3.01,4.28391,1751.72,0.1301822272126133,0
2016-10-14,0.726465,0.750832,0.537175,1.27685,1.1265,1.72,3.01,4.3089,1719.64,0.1396289058139062,1
2016-10-21,0.748288,0.756168,0.570264,1.21121,1.0968,1.72,3.01,4.33028,1752.25,0.1379784062516896,1
2016-10-28,0.791935,0.771992,0.603268,1.25495,1.1265,1.72,3.01,4.33806,1817.79,0.1389005037008351,0
2016-11-04,0.770112,0.729736,0.603268,1.26219,1.0869,1.72,3.41,4.32845,1758.22,0.1647493301262856,1
2016-11-11,0.755512,0.761446,0.611539,1.28418,1.1265,1.73,3.41,4.42109,1796.75,0.1659598914041748,0
2016-11-18,0.711943,0.724399,0.586722,1.24036,1.0771,1.73,3.41,4.43921,1725.74,0.173704240847718,0
2016-11-25,0.726465,0.719125,0.586722,1.26219,1.0375,1.73,3.41,4.41938,1796.3,0.1854552253371269,1
2016-12-02,0.726465,0.708513,0.57845,1.30608,1.0375,1.73,3.54,4.48363,1783.57,0.1589418763891762,1
2016-12-09,0.770112,0.750832,0.669445,1.32059,1.1067,1.73,3.54,4.45059,1899.76,0.2136153248298437,1
2016-12-16,0.777336,0.756168,0.702447,1.38631,1.1166,1.73,3.54,4.4181,1918.54,0.1980532151404239,0
2016-12-23,0.791935,0.756168,0.669445,1.35707,1.0672,1.73,3.54,4.40533,1933.6,0.1934595947640893,1
2016-12-30,0.791935,0.766722,0.694088,1.39364,1.0869,1.73,3.54,4.40511,1947.92,0.180860746106352,1
2017-01-06,0.849956,0.798496,0.694088,1.40814,1.0968,1.73,3.68,4.35654,1998.76,0.1422922168236744,1
2017-01-13,0.835505,0.782605,0.710633,1.45912,1.1561,1.73,3.68,4.38251,2015.89,0.1026895806718999,0
2017-01-20,0.84272,0.782605,0.702447,1.43737,1.1363,1.73,3.68,4.36981,2006.01,0.0913449524012331,1
2017-01-27,0.87178,0.840742,0.760267,1.45195,1.2549,1.73,3.68,4.33544,2084.05,0.1429206209430501,1
2017-02-03,0.87178,0.824925,0.743808,1.56874,1.2648,1.73,3.81,4.30512,2076.12,0.1553507162966549,1
2017-02-10,0.937241,0.861904,0.669445,1.59789,1.3735,1.73,3.81,4.2959,2154.79,0.1724690873700936,1
2017-02-17,0.958989,0.867181,0.685904,1.59057,1.3043,1.73,3.81,4.32979,2188.3,0.1815204106443157,0
2017-02-24,0.95169,0.856563,0.677631,1.65636,1.3043,1.73,3.81,4.31408,2212.04,0.1819757366685025,1
2017-03-03,0.973511,0.856563,0.710633,1.6198,1.2846,1.73,3.66,4.30339,2232.98,0.197082039703409,0
2017-03-10,0.908122,0.81958,0.743808,1.56874,1.2352,1.73,3.66,4.33844,2200.03,0.191132756193066,1
2017-03-17,0.937241,0.840742,0.751995,1.61247,1.2846,1.73,3.66,4.28249,2296.97,0.2038438358338527,0
2017-03-24,0.929942,0.81958,0.760267,1.59789,1.2846,1.73,3.66,4.26123,2234.82,0.1863096182680773,0
2017-03-31,0.893523,0.798496,0.751995,1.56148,1.1956,1.73,3.66,4.23042,2175.96,0.1714974936368575,1
2017-04-07,0.929942,0.824925,0.751995,1.55408,1.2253,1.73,3.42,4.22569,2248.33,0.1813170147885956,0
2017-04-14,0.893523,0.803698,0.727177,1.52492,1.2154,1.73,3.42,4.2404,2233.63,0.1508868198938654,1
2017-04-21,0.908122,0.798496,0.768537,1.56148,1.2549,1.73,3.42,4.26772,2264.07,0.1506109314851163,1
2017-04-28,0.980809,0.851294,0.809813,1.6198,1.3636,1.73,3.42,4.22525,2376.87,0.165291410009819,1
2017-05-05,1.01709,0.846018,0.809813,1.64163,1.3933,1.73,3.35,4.20586,2382.17,0.1405980414056659,0
2017-05-12,0.995255,0.856563,0.784996,1.61247,1.3735,1.73,3.35,4.21638,2368.5,0.1621828518884793,0
2017-05-19,0.966212,0.830132,0.768537,1.59057,1.3439,1.73,3.35,4.19387,2328.7,0.1777854981037003,1
2017-05-26,0.980809,0.830132,0.751995,1.60514,1.3439,1.73,3.35,4.18436,2326.28,0.1636167107534789,1
2017-06-02,0.973511,0.803698,0.768537,1.6198,1.3933,1.73,3.19,4.18308,2303.21,0.1728175863898429,0
2017-06-09,0.973511,0.782605,0.776811,1.59057,1.4031,1.73,3.19,4.18682,2330.72,0.1735649042685604,0
2017-06-16,0.958989,0.766722,0.809813,1.56874,1.4031,1.73,3.19,4.20973,2304.5,0.1635807856391815,1
2017-06-23,0.922642,0.776265,0.784996,1.62705,1.4031,1.73,3.19,4.223,2304.48,0.1491525724204861,1
2017-06-30,0.937241,0.793218,0.760267,1.60514,1.4525,1.73,3.19,4.23179,2299.8,0.1516202695033369,1
2017-07-07,0.944382,0.793218,0.768537,1.60514,1.4328,1.73,3.3,4.23326,2295.82,0.1382255464469418,1
2017-07-14,0.95169,0.827262,0.743808,1.64897,1.4921,1.73,3.3,4.20351,2350.43,0.1425035883420511,0
2017-07-21,0.973511,0.815917,0.751995,1.66354,1.4427,1.73,3.3,4.26833,2343.1,0.1334018306349001,1
2017-07-28,1.00256,0.810171,0.867633,1.72185,1.3537,1.73,3.3,4.2543,2360.42,0.1155760074305786,0
2017-08-04,0.973511,0.872523,0.842903,1.67078,1.3439,1.73,3.33,4.24495,2380.16,0.1050047303831853,1
2017-08-11,0.973511,0.878196,0.834717,1.64897,1.3241,1.73,3.33,4.28678,2371.72,0.1117869822479276,0
2017-08-18,0.958989,0.838551,0.818086,1.67078,1.2747,1.73,3.33,4.27113,2359.87,0.11026189017691,1
2017-08-25,0.980809,0.855561,0.818086,1.70003,1.334,1.73,3.33,4.26025,2471.74,0.1403024319696234,1
2017-09-01,0.973511,0.872523,0.851174,1.73659,1.3142,1.73,3.26,4.25417,2527.62,0.1682374072401598,0
2017-09-08,0.944382,0.866916,0.818086,1.74384,1.2944,1.73,3.26,4.24408,2483.58,0.1594249311489588,1
2017-09-15,0.915343,0.900888,0.834717,1.74384,1.3142,1.73,3.26,4.27943,2498.32,0.156281904070563,1
2017-09-22,0.944382,0.878196,0.842903,1.75109,1.3439,1.73,3.26,4.26781,2480.73,0.1337079991528811,0
2017-09-29,0.937241,0.878196,0.884177,1.74384,1.2846,1.73,3.26,4.3131,2453.46,0.0957859645209285,1
2017-10-06,0.915343,0.872523,0.884177,1.70734,1.2846,1.73,3.38,4.31119,2479.46,0.1089331244134313,1
2017-10-13,0.966212,0.889484,0.834717,1.70003,1.3933,1.73,3.38,4.24888,2528.16,0.118473528823373,0
2017-10-20,0.980809,0.855561,0.826357,1.6198,1.3735,1.73,3.38,4.23571,2465.51,0.1246644460346798,0
2017-10-27,0.973511,0.810171,0.793269,1.67078,1.3241,1.73,3.38,4.24646,2488.5,0.1247531060863583,1
2017-11-03,1.00256,0.821588,0.801628,1.66354,1.3439,1.73,3.39,4.24491,2494.52,0.1261387712383532,0
2017-11-10,1.02438,0.815917,0.784996,1.64163,1.3636,1.73,3.39,4.22737,2457.62,0.1297003665330811,1
2017-11-17,1.04613,0.827262,0.760267,1.67078,1.3834,1.73,3.39,4.23327,2443.83,0.1441309752994922,1
2017-11-24,1.08247,0.866916,0.768537,1.68544,1.4031,1.73,3.39,4.20858,2479.25,0.1522030909516691,1
2017-12-01,1.07526,0.849888,0.826357,1.6782,1.3933,1.73,3.27,4.21399,2389.92,0.1596206495703105,0
2017-12-08,1.07526,0.844215,0.776811,1.69269,1.3834,1.72,3.27,4.19872,2408.83,0.146229823743011,1
2017-12-15,1.11152,0.861177,0.776811,1.6782,1.4031,1.72,3.27,4.20526,2416.95,0.1383250219390079,1
2017-12-22,1.11152,0.849888,0.784996,1.72185,1.4328,1.72,3.27,4.19111,2445.65,0.1465193612148325,1
2017-12-29,1.14057,0.866916,0.801628,1.70003,1.3933,1.72,3.27,4.17669,2461.21,0.1366000658522119,1
2018-01-05,1.14057,0.89529,0.801628,1.78033,1.4822,1.72,3.32,4.15357,2529.55,0.1563538453625264,1
2018-01-12,1.16969,0.878196,0.818086,1.80223,1.4525,1.72,3.32,4.17004,2539.29,0.1578485063759776,1
2018-01-19,1.19144,0.900888,0.834717,1.7949,1.5711,1.72,3.32,4.17314,2601.82,0.1471838296561016,1
2018-01-26,1.17691,0.929259,0.851174,1.80223,1.5909,1.72,3.32,4.13735,2600.48,0.147414736851017,0
2018-02-02,1.1551,0.89529,0.842903,1.81673,1.502,1.72,3.39,4.16934,2507.24,0.1270168690142691,0
2018-02-09,1.09699,0.855561,0.818086,1.63431,1.4031,1.72,3.39,4.18355,2382.79,0.1885860960714936,1
2018-02-16,1.07526,0.861177,0.784996,1.65636,1.3933,1.72,3.39,4.15838,2406.96,0.1865414705348894,1
2018-02-23,1.12612,0.883869,0.801628,1.6198,1.3933,1.72,3.39,4.17374,2406.11,0.1783473624145553,0
2018-03-02,1.08247,0.821588,0.776811,1.59057,1.3043,1.72,3.27,4.19116,2314.23,0.1961012821623804,0
2018-03-09,1.06064,0.838551,0.776811,1.55408,1.3241,1.71,3.27,4.19253,2354.54,0.1579010505313367,0
2018-03-16,1.00978,0.781869,0.776811,1.64897,1.3043,1.7,3.27,4.21761,2285.08,0.1577500074429614,0
2018-03-23,1.01709,0.793218,0.743808,1.60514,1.2352,1.7,3.27,4.22815,2257.22,0.2018039171717039,0
2018-03-30,1.00978,0.787548,0.727177,1.58332,1.2253,1.7,3.27,4.21367,2210.38,0.1928488195713738,1
2018-04-06,0.988042,0.781869,0.743808,1.59057,1.2648,1.7,3.06,4.19824,2258.8,0.2160543130435374,0
2018-04-13,1.03168,0.787548,0.743808,1.6198,1.2648,1.7,3.06,4.16784,2310.32,0.2043793334293437,1
2018-04-20,1.02438,0.776265,0.751995,1.57591,1.2944,1.7,3.06,4.17304,2298.2,0.1719690811245146,1
2018-04-27,1.03883,0.753568,0.751995,1.59466,1.3043,1.7,3.06,4.2101,2276.41,0.1439239457912273,0
2018-05-04,1.01709,0.747896,0.743808,1.59466,1.2549,1.7,3.23,4.2459,2233.35,0.1565541220530272,0
2018-05-11,1.06064,0.776265,0.743808,1.63919,1.3241,1.7,3.23,4.26461,2329.36,0.1694005717455366,1
2018-05-18,1.01709,0.742286,0.784996,1.57977,1.245,1.7,3.23,4.30175,2230.32,0.1802923360607061,0
2018-05-25,0.980809,0.730875,0.702447,1.55014,1.27,1.7,3.23,4.31535,2213.24,0.1960477353715403,0
2018-06-01,0.944382,0.753568,0.685904,1.57977,1.25,1.7,3.21,4.30372,2190.26,0.2079332199729787,1
2018-06-08,0.980809,0.776265,0.685904,1.55014,1.26,1.7,3.21,4.27807,2250.06,0.1871099560471849,1
2018-06-15,0.973511,0.753568,0.702447,1.39442,1.21,1.7,3.21,4.2864,2203.01,0.1798382168712095,0
2018-06-22,0.944382,0.742286,0.669445,1.44628,1.17,1.7,3.21,4.32378,2162.88,0.1886255128626474,0
2018-06-29,0.915343,0.730875,0.677631,1.43146,1.17,1.7,3.21,4.37375,2135.47,0.1933675519706156,1
2018-07-06,0.95169,0.730472,0.669445,1.46117,1.17,1.7,3.17,4.35382,2152.06,0.1927971381102741,0
2018-07-13,0.95169,0.730472,0.652815,1.43895,1.17,1.7,3.17,4.31297,2157.14,0.1910753754701368,0
2018-07-20,0.966212,0.724399,0.661085,1.43146,1.17,1.7,3.17,4.31894,2182.92,0.1708624257020911,1
2018-07-27,1.02438,0.742689,0.694088,1.52783,1.2,1.7,3.17,4.28474,2290.77,0.1653297800739686,0
2018-08-03,1.03168,0.773129,0.669445,1.46849,1.22,1.7,3.14,4.26189,2286.92,0.1648628076736518,0
2018-08-10,0.993743,0.864443,0.644541,1.47599,1.15,1.7,3.14,4.29444,2247.15,0.203280710787079,0
2018-08-17,0.986359,0.834011,0.619726,1.45376,1.13,1.7,3.14,4.29656,2217.74,0.2130801569792346,1
2018-08-24,1.05997,0.870513,0.627997,1.45376,1.17,1.71,3.14,4.27565,2312.7,0.2001262068575001,1
2018-08-31,1.05259,0.870513,0.636269,1.46117,1.19,1.71,3.14,4.30319,2337.96,0.2066047912670212,0
2018-09-07,1.03054,0.815783,0.594995,1.46117,1.15,1.71,3.24,4.31399,2257.3,0.2232727304625666,0
2018-09-14,1.01579,0.803564,0.603268,1.46117,1.18,1.71,3.24,4.30479,2232.07,0.1895075095952491,1
2018-09-21,1.03792,0.803564,0.652815,1.41657,1.23,1.72,3.24,4.30703,2257.47,0.1763901493808378,1
2018-09-28,1.07473,0.791412,0.619726,1.48339,1.31,1.72,3.24,4.28036,2285.11,0.1560853741122568,0
2018-10-05,1.05259,0.779201,0.652815,1.46117,1.25,1.72,3.22,4.30707,2264.2,0.136551754181695,0
2018-10-12,0.993743,0.760978,0.611539,1.37212,1.18,1.72,3.22,4.29787,2186.62,0.1765139468465449,1
2018-10-19,1.01579,0.773129,0.636269,1.37953,1.17,1.72,3.22,4.29493,2196.99,0.1864940474362137,0
2018-10-26,0.978985,0.754838,0.636269,1.32767,1.12,1.72,3.22,4.31022,2082.77,0.2035661832383812,0
2018-11-02,1.00849,0.791412,0.586722,1.3499,1.08,1.72,3.19,4.30828,2197.68,0.234346010241752,1
2018-11-09,1.01579,0.803564,0.619726,1.42406,1.19,1.72,3.19,4.28799,2232.25,0.2209968694054663,0
2018-11-16,0.927508,0.736616,0.619726,1.40924,1.14,1.72,3.19,4.31384,2165.46,0.2168378071968347,0
2018-11-23,0.971686,0.754838,0.57845,1.44628,1.15,1.72,3.19,4.29142,2225.39,0.2336388867621087,1
2018-11-30,1.00111,0.797492,0.619726,1.43895,1.17,1.72,3.19,4.29225,2291.08,0.216208569831571,0
2018-12-07,0.978985,0.791412,0.570264,1.43146,1.19,1.72,2.94,4.29253,2281.54,0.2180654620459506,1
2018-12-14,0.993743,0.773129,0.570264,1.4908,1.22,1.72,2.94,4.29195,2303.41,0.226843677255347,0
2018-12-21,0.956937,0.791412,0.561906,1.49821,1.21,1.72,2.94,4.28829,2259.77,0.2317648610330796,0
2018-12-28,0.964302,0.791412,0.553635,1.43146,1.21,1.72,2.94,4.30147,2276.63,0.2339162222289508,1
2019-01-04,0.986359,0.809703,0.586722,1.46117,1.21,1.72,2.78,4.28757,2284.95,0.2431969354514873,1
2019-01-11,0.964302,0.821855,0.603268,1.48339,1.24,1.72,2.78,4.29153,2335.1,0.2264623098915554,1
2019-01-18,0.986359,0.840081,0.619726,1.53532,1.3,1.72,2.78,4.28652,2377.87,0.1937777434481862,0
2019-01-25,0.986359,0.821855,0.619726,1.5057,1.29,1.72,2.78,4.28738,2398.74,0.1662105139302243,0
2019-02-01,0.971686,0.809703,0.57845,1.5131,1.3,1.72,2.69,4.29035,2393.43,0.1338053619674353,0
2019-02-08,0.949554,0.815783,0.553635,1.57236,1.21,1.72,2.69,4.31451,2354.11,0.1375920128635544,0
2019-02-15,0.964302,0.803564,0.561906,1.43895,1.23,1.72,2.69,4.33499,2338.2,0.1440820814583526,1
2019-02-22,0.949554,0.821855,0.57845,1.43146,1.22,1.72,2.69,4.33824,2355.77,0.1512532580530338,0
2019-03-01,0.927508,0.791412,0.594995,1.39442,1.2,1.72,2.75,4.30419,2333.11,0.1476699932555593,0
2019-03-08,0.89809,0.760978,0.570264,1.39442,1.2,1.72,2.75,4.30182,2298.97,0.1315619883690356,1
2019-03-15,0.920129,0.779201,0.594995,1.41657,1.25,1.72,2.75,4.29944,2346.25,0.1231568166927919,0
2019-03-22,0.91275,0.767049,0.603268,1.40183,1.23,1.72,2.75,4.29915,2319.1,0.1027857686364355,0
2019-03-29,0.905381,0.773129,0.57845,1.38702,1.18,1.72,2.75,4.30473,2312.09,0.0906314355974541,1
2019-04-05,0.934878,0.791412,0.611539,1.42406,1.2,1.72,2.76,4.28999,2351.08,0.1343975824378898,1
2019-04-12,0.927508,0.803564,0.636269,1.41657,1.21,1.72,2.76,4.27847,2366.71,0.1368301384639836,1
2019-04-19,0.920129,0.821855,0.652815,1.43399,1.23,1.72,2.76,4.27832,2365.36,0.1402108580029442,0
2019-04-26,0.942178,0.815783,0.619726,1.43399,1.23,1.72,2.76,4.29632,2372.25,0.1251114090099158,0
2019-05-03,0.920129,0.797492,0.619726,1.41129,1.23,1.72,2.72,4.27653,2319.08,0.1316054673720512,0
2019-05-10,0.890711,0.736616,0.570264,1.41893,1.13,1.72,2.72,4.2972,2191.91,0.1421669725100449,0
2019-05-17,0.868585,0.71839,0.586722,1.41893,1.07,1.72,2.72,4.30786,2184.35,0.1407400028823407,0
2019-05-24,0.875963,0.71839,0.553635,1.40372,1.08,1.72,2.72,4.29202,2188.2,0.1614281596929886,1
2019-05-31,0.91275,0.736616,0.561906,1.38867,1.11,1.72,2.72,4.28159,2239.31,0.171709339806745,1
2019-06-07,0.971686,0.773129,0.545361,1.43399,1.18,1.72,2.35,4.25934,2280.6,0.1351567346107322,1
2019-06-14,0.978985,0.773129,0.537175,1.4566,1.2,1.72,2.35,4.25707,2286.46,0.1328045201251151,1
2019-06-21,1.00111,0.78534,0.545361,1.41893,1.18,1.72,2.35,4.2542,2308.32,0.1268055685269789,1
2019-06-28,0.993743,0.773129,0.561906,1.47921,1.19,1.72,2.35,4.24548,2327.67,0.1330813032295266,0
2019-07-05,0.971686,0.760978,0.570264,1.44903,1.14,1.72,2.13,4.24943,2342.01,0.1206982138032461,0
2019-07-12,0.956937,0.771122,0.570264,1.44154,1.11,1.72,2.13,4.27095,2315.36,0.1205418564670382,0
2019-07-19,0.986359,0.784077,0.553635,1.44154,1.05,1.72,2.13,4.2508,2344.03,0.0995925157688296,0
2019-07-26,0.978985,0.764649,0.570264,1.41129,1.01,1.72,2.13,4.27428,2305.79,0.084516162199661,0
2019-08-02,0.935266,0.738751,0.520546,1.32074,0.91,1.72,1.93,4.30718,2216.51,0.1085353913069829,0
2019-08-09,0.927658,0.751695,0.487542,1.32831,0.86,1.72,1.93,4.32539,2127.61,0.1414422607146504,0
2019-08-16,0.935266,0.758176,0.479356,1.30569,0.82,1.72,1.93,4.33914,2064.12,0.1731724837032623,1
2019-08-23,0.950471,0.751695,0.479356,1.31318,0.88,1.72,1.93,4.37957,2103.68,0.1875064640061909,0
2019-08-30,0.935266,0.751695,0.495901,1.29812,0.87,1.72,1.93,4.37451,2135.25,0.2309446209523817,1
2019-09-06,0.950471,0.777604,0.470998,1.29057,0.84,1.72,2.02,4.34022,2122.6,0.2199418785353534,1
2019-09-13,0.988496,0.829462,0.528903,1.32831,0.88,1.72,2.02,4.32719,2200.95,0.1895524889180983,0
2019-09-20,0.958072,0.803498,0.537175,1.33579,0.86,1.72,2.02,4.37564,2171.75,0.1942833985048127,1
2019-09-27,0.958072,0.797024,0.51236,1.38111,0.98,1.72,2.02,4.38441,2186.31,0.1533348352852831,0
2019-10-04,0.904843,0.784077,0.504087,1.34344,0.94,1.72,1.96,4.31933,2121.16,0.1745336060800173,1
2019-10-11,0.912451,0.803498,0.520546,1.37362,0.98,1.72,1.96,4.30176,2159.91,0.1620271357209926,1
2019-10-18,0.904843,0.822992,0.561906,1.35849,1.02,1.71,1.96,4.28118,2164.75,0.1535455991912798,0
2019-10-25,0.912451,0.861838,0.537175,1.34344,0.99,1.72,1.96,4.27942,2175.27,0.1558431468304178,0
2019-11-01,0.912451,0.829462,0.51236,1.24524,1.0,1.71,2.05,4.25144,2194.1,0.1416387444910224,0
2019-11-08,0.904843,0.784077,0.528903,1.24524,1.01,1.71,2.05,4.26524,2255.46,0.1796485910022841,0
2019-11-15,0.882036,0.777604,0.504087,1.24524,1.02,1.71,2.05,4.27556,2233.87,0.1743973090244882,1
2019-11-22,0.897244,0.777604,0.520546,1.23776,1.02,1.71,2.05,4.29769,2188.24,0.171735435626208,0
2019-11-29,0.836418,0.784077,0.504087,1.22263,0.98,1.71,2.05,4.31466,2158.94,0.1510700419865903,0
2019-12-06,0.790795,0.712783,0.51236,1.2302,0.93,1.7,2.03,4.27623,2073.11,0.0937561146533367,1
2019-12-13,0.790795,0.732205,0.520546,1.24524,1.0,1.7,2.03,4.26886,2106.51,0.1430744437078617,1
2019-12-20,0.806001,0.745228,0.528903,1.29057,0.99,1.7,2.03,4.25562,2128.04,0.1444336605430835,1
2019-12-27,0.798398,0.751695,0.528903,1.30569,1.02,1.71,2.03,4.26113,2151.74,0.1471326267556297,1
2020-01-03,0.806001,0.758176,0.537175,1.32831,1.04,1.71,2.23,4.24404,2173.97,0.1726042439873452,0
2020-01-10,0.806001,0.784077,0.51236,1.31318,1.01,1.71,2.23,4.23432,2167.91,0.177840406687333,1
2020-01-17,0.813605,0.771122,0.520546,1.32074,1.01,1.71,2.23,4.241,2175.95,0.1548751979829731,0
2020-01-24,0.828815,0.751695,0.51236,1.32074,1.0,1.71,2.23,4.25823,2154.28,0.1582880906818856,0
2020-01-31,0.790795,0.738751,0.487542,1.30569,0.98,1.71,2.23,4.29678,2065.9,0.177296710193219,1
2020-02-07,0.828815,0.758176,0.504087,1.29812,1.02,1.71,2.09,4.27484,2110.2,0.1621024107108792,0
2020-02-14,0.82121,0.751695,0.528903,1.26795,0.98,1.71,2.09,4.25036,2115.29,0.1598694454149948,0
2020-02-21,0.783191,0.751695,0.51236,1.29812,0.98,1.71,2.09,4.29107,2088.53,0.1587238922500966,0
2020-02-28,0.714756,0.641491,0.462812,1.17732,0.78,1.71,2.09,4.32913,1768.91,0.2841134506539012,0
2020-03-06,0.699549,0.654508,0.421461,1.16984,0.79,1.7,1.8,4.30123,1764.81,0.3545908156597868,0
2020-03-13,0.539869,0.460058,0.314016,0.966052,0.55,1.69,1.8,4.37771,1365.97,0.674197077458517,1
2020-03-20,0.524661,0.414733,0.297489,1.01128,0.65,1.18,1.8,4.52726,1488.42,0.7737793373410722,1
2020-03-27,0.517058,0.401784,0.355333,0.988671,0.58,1.17,1.8,4.5371,1475.9,0.8000404634223426,0
2020-04-03,0.50185,0.388766,0.322289,0.867938,0.57,1.17,1.46,4.58562,1506.48,0.7777260275966439,1
2020-04-10,0.517058,0.408257,0.330545,0.867938,0.6,0.7,1.46,4.54854,1615.72,0.4740931152207416,0
2020-04-17,0.50185,0.395308,0.289225,0.905683,0.57,0.7,1.46,4.51999,1625.59,0.425709527982468,0
2020-04-24,0.479038,0.356391,0.280961,0.852809,0.56,0.69,1.46,4.5372,1601.91,0.3647885441259784,1
2020-05-01,0.50185,0.375817,0.322289,0.860374,0.56,0.68,1.35,4.56745,1648.68,0.3578470597195062,0
2020-05-08,0.479038,0.362866,0.305753,0.732082,0.48,0.68,1.35,4.55017,1606.5,0.3355995028392593,0
2020-05-15,0.471436,0.356391,0.289225,0.716952,0.47,0.68,1.35,4.56773,1572.55,0.3015375094130928,1
2020-05-22,0.486643,0.362866,0.280961,0.739647,0.47,0.68,1.35,4.51284,1630.44,0.2840808769507298,1
2020-05-29,0.50185,0.375817,0.289225,0.792446,0.55,0.28,1.35,4.44866,1722.65,0.2846270029028772,1
2020-06-05,0.524661,0.408257,0.355333,0.883072,0.63,0.27,1.31,4.43465,1842.47,0.2609194296241711,0
2020-06-12,0.50185,0.388766,0.322289,0.890633,0.61,0.27,1.31,4.44416,1788.83,0.2577790339646335,1
2020-06-19,0.517058,0.395308,0.314016,0.867938,0.62,0.27,1.31,4.46589,1807.85,0.2642185782238579,0
2020-06-26,0.50185,0.375817,0.305753,0.815141,0.61,0.26,1.31,4.46753,1759.43,0.2651653967961685,1
2020-07-03,0.517058,0.395308,0.322289,0.860374,0.6,0.26,1.33,4.46441,1800.96,0.2650047549725929,0
2020-07-10,0.524661,0.401784,0.314016,0.852809,0.59,0.26,1.33,4.4654,1797.27,0.2230126883497737,0
2020-07-17,0.524661,0.395308,0.314016,0.845322,0.54,0.25,1.33,4.47823,1796.04,0.177459442918792,0
2020-07-24,0.517058,0.395308,0.305753,0.822706,0.53,0.25,1.33,4.40456,1810.33,0.156731994616941,0
2020-07-31,0.486643,0.362866,0.305753,0.747212,0.47,0.23,1.33,4.41226,1767.54,0.1909727182079199,0
2020-08-07,0.463831,0.362866,0.305753,0.716952,0.47,0.23,1.32,4.41329,1817.23,0.2045843087925773,1
2020-08-14,0.50185,0.388766,0.322289,0.754699,0.52,0.23,1.32,4.3979,1856.56,0.1946266617309453,0
2020-08-21,0.479038,0.362866,0.305753,0.747212,0.48,0.23,1.32,4.41075,1820.6,0.1801559075376859,1
2020-08-28,0.479038,0.369341,0.322289,0.732082,0.46,0.23,1.32,4.38794,1829.79,0.1467157570520981,0
2020-09-04,0.456227,0.349917,0.305753,0.724517,0.45,0.23,1.35,4.4531,1758.11,0.1483895186465607,1
2020-09-11,0.463831,0.356391,0.305753,0.747212,0.47,0.23,1.35,4.45202,1772.89,0.1825030883589707,0
2020-09-18,0.463831,0.349917,0.280961,0.709387,0.46,0.23,1.35,4.45695,1731.76,0.1803288703407504,0
2020-09-25,0.433417,0.330478,0.256171,0.641459,0.41,0.22,1.35,4.54972,1674.14,0.1889209995452589,1
2020-10-02,0.456227,0.343441,0.264443,0.671719,0.42,0.22,1.26,4.50257,1697.39,0.2313316109882823,1
2020-10-09,0.479038,0.362866,0.280961,0.7019,0.42,0.22,1.26,4.46777,1698.91,0.2168087092764145,0
2020-10-16,0.456227,0.330478,0.272697,0.664153,0.37,0.22,1.26,4.54717,1655.36,0.2462643931365987,0
2020-10-23,0.448624,0.330478,0.289225,0.626406,0.37,0.22,1.26,4.5688,1645.32,0.2223281563431041,0
2020-10-30,0.410604,0.291602,0.289225,0.550914,0.29,0.22,1.26,4.60604,1515.97,0.2333198203017701,1
2020-11-06,0.448624,0.298076,0.305753,0.671719,0.31,0.22,1.2,4.50465,1697.49,0.3232772748915371,1
2020-11-13,0.532265,0.362866,0.39666,0.784881,0.4,0.22,1.2,4.4826,1749.41,0.3342561230774279,1
2020-11-20,0.570284,0.388766,0.39666,0.807575,0.41,0.22,1.2,4.46651,1820.85,0.3464143794517493,1
2020-11-27,0.593096,0.401784,0.413179,0.837757,0.39,0.22,1.2,4.48578,1852.69,0.2775589749084862,1
2020-12-04,0.593096,0.401784,0.462812,0.898123,0.42,0.22,1.29,4.46786,1947.68,0.2377493333244553,1
2020-12-11,0.615907,0.414733,0.454453,0.837757,0.45,0.22,1.29,4.44552,1950.85,0.2098825824411324,0
2020-12-18,0.600699,0.401784,0.462812,0.822706,0.45,0.21,1.29,4.47264,1952.54,0.19485015078652,1
2020-12-25,0.608304,0.414733,0.462812,0.867938,0.44,0.21,1.29,4.50356,1955.84,0.2430645574804984,1
2021-01-01,0.608304,0.414733,0.454453,0.905683,0.45,0.21,1.19,4.56218,1983.98,0.2564591640402349,1
2021-01-08,0.691945,0.466533,0.479356,0.950922,0.53,0.21,1.19,4.50942,2072.74,0.2474354306246362,0
2021-01-15,0.646323,0.447108,0.479356,0.905683,0.51,0.21,1.19,4.53841,1985.68,0.2588293817871847,0
2021-01-22,0.631115,0.440633,0.454453,0.913252,0.52,0.21,1.19,4.54072,1952.67,0.2746554757357188,0
2021-01-29,0.615907,0.434158,0.421461,0.905683,0.49,0.21,1.19,4.51952,1948.01,0.2736975540439624,1
2021-02-05,0.608304,0.447108,0.487542,0.905683,0.49,0.21,1.31,4.48622,1957.73,0.2474456175415167,0
2021-02-12,0.593096,0.440633,0.487542,0.898123,0.47,0.21,1.31,4.49809,1937.07,0.2475493127622012,1
2021-02-19,0.646323,0.453583,0.520546,0.988671,0.56,0.21,1.31,4.48252,1985.31,0.2362463037209208,0
2021-02-26,0.631115,0.453583,0.51236,0.958562,0.56,0.21,1.31,4.52051,1907.28,0.1876772522279669,1
2021-03-05,0.653926,0.47955,0.528903,0.950922,0.6,0.21,1.52,4.5869,1939.59,0.1913705673123429,1
2021-03-12,0.676737,0.492499,0.520546,0.973616,0.6,0.21,1.52,4.58416,2006.11,0.1827550437237441,0
2021-03-19,0.653926,0.466533,0.51236,0.898123,0.58,0.21,1.52,4.61429,1927.56,0.1939293480684212,1
2021-03-26,0.684341,0.473008,0.51236,0.920733,0.54,0.21,1.52,4.64138,1918.71,0.1938350054341701,0
2021-04-02,0.684341,0.47955,0.504087,0.913252,0.54,0.21,1.55,4.59239,1954.38,0.1880941789727431,1
2021-04-09,0.676737,0.486026,0.504087,0.958562,0.55,0.21,1.55,4.53032,1975.11,0.207767597820439,1
2021-04-16,0.691945,0.511924,0.504087,0.950922,0.53,0.21,1.55,4.54399,2012.27,0.1985371443749726,0
2021-04-23,0.684341,0.50545,0.504087,0.913252,0.54,0.21,1.55,4.55506,1986.63,0.1807375546675629,1
2021-04-30,0.836418,0.531349,0.558718,0.913252,0.6,0.21,1.55,4.55866,2037.59,0.1600183652482498,1
2021-05-07,0.851624,0.563791,0.558718,0.966052,0.64,0.21,1.82,4.55496,2097.31,0.168911444253671,1
2021-05-14,0.82121,0.570267,0.583706,0.996226,0.7,0.21,1.82,4.52906,2092.8,0.1637448553807032,1
2021-05-21,0.882036,0.615591,0.592065,1.03397,0.78,0.21,1.82,4.49632,2139.06,0.1703163400351214,1
2021-05-28,0.935266,0.641491,0.600424,1.07921,0.76,0.21,1.82,4.48345,2236.31,0.1746566504332678,1
2021-06-04,0.942866,0.654508,0.608783,1.06416,0.76,0.21,1.78,4.45874,2254.59,0.1413720882926794,0
2021-06-11,0.935266,0.660983,0.608783,1.0491,0.74,0.21,1.78,4.50051,2224.67,0.1269895755472373,1
2021-06-18,0.950471,0.667457,0.575435,1.02642,0.78,0.21,1.78,4.55094,2220.68,0.1258066030943536,1
2021-06-25,0.958072,0.693358,0.592065,1.10182,0.88,0.21,1.78,4.51346,2282.46,0.1192470145531179,0
2021-07-02,0.889636,0.635015,0.56699,1.03397,0.82,0.21,1.61,4.50848,2252.18,0.1438185798910182,0
2021-07-09,0.874429,0.622067,0.542088,1.01128,0.82,0.21,1.61,4.54606,2251.78,0.1913165511258826,0
2021-07-16,0.874429,0.628541,0.533729,1.01885,0.76,0.21,1.61,4.58386,2258.1,0.1807050017937903,1
2021-07-23,0.866833,0.615591,0.550361,1.03397,0.78,0.21,1.61,4.57541,2242.41,0.1942601032962456,1
2021-07-30,0.889636,0.635015,0.525371,1.07172,0.81,0.21,1.61,4.56992,2253.45,0.1797666296140221,1
2021-08-06,0.912451,0.660983,0.542088,1.14722,0.81,0.21,1.6,4.57529,2273.89,0.1191076350798071,1
2021-08-13,0.920058,0.699832,0.558718,1.20758,0.83,0.21,1.6,4.56607,2302.03,0.119192878311238,0
2021-08-20,0.897244,0.680408,0.517012,1.14722,0.84,0.21,1.6,4.583,2255.56,0.0928081620860725,1
2021-08-27,0.942866,0.693358,0.533729,1.17732,0.91,0.21,1.6,4.57584,2323.77,0.101787156727363,1
2021-09-03,0.988496,0.719259,0.525371,1.23776,0.98,0.24,1.87,4.50572,2380.82,0.1128981926137144,0
2021-09-10,0.996097,0.714254,0.517012,1.25282,0.96,0.24,1.87,4.54376,2360.7,0.1391958513081346,1
2021-09-17,0.980885,0.707578,0.517012,1.29057,1.01,0.24,1.87,4.59025,2333.01,0.1396280318418014,1
2021-09-24,0.988496,0.714254,0.525371,1.26795,1.02,0.24,1.87,4.60583,2299.18,0.182078490465163,1
2021-10-01,1.0189,0.74095,0.525371,1.29812,1.07,0.24,2.63,4.57748,2327.88,0.1795526819493178,1
2021-10-08,1.08734,0.821053,0.575435,1.40372,1.18,0.65,2.63,4.6053,2411.12,0.1868549729634846,1
2021-10-15,1.06454,0.847755,0.56699,1.42641,1.3,0.69,2.63,4.56785,2453.98,0.1881594156130622,1
2021-10-22,1.06454,0.847755,0.558718,1.48678,1.32,0.7,2.63,4.60004,2417.09,0.1343426736012697,1
2021-10-29,1.13298,0.901161,0.558459,1.49442,1.43,0.74,2.63,4.6131,2405.05,0.1332791461704807,1
2021-11-05,1.14057,0.907834,0.558459,1.58497,1.46,1.56,3.12,4.59775,2439.16,0.1568719330386478,0
2021-11-12,1.05693,0.887806,0.550015,1.54714,1.44,1.61,3.12,4.64072,2358.23,0.1281722482428819,0
2021-11-19,1.00371,0.834399,0.51615,1.47173,1.32,1.69,3.12,4.69156,2248.18,0.1468536305089119,0
2021-11-26,0.958072,0.787673,0.482286,1.46416,1.27,1.91,3.12,4.71064,2143.13,0.1948995447610914,1
2021-12-03,1.0189,0.807704,0.473841,1.44635,1.23,2.21,3.33,4.59937,2179.71,0.1936252347081733,0
2021-12-10,0.996097,0.807704,0.465398,1.4618,1.15,2.3,3.33,4.62027,2213.78,0.2097025594835684,0
2021-12-17,0.958072,0.80103,0.473841,1.47716,1.02,2.35,3.33,4.63197,2194.56,0.2298061470479721,1
2021-12-24,1.00371,0.834399,0.499261,1.51562,1.04,2.45,3.33,4.62115,2225.8,0.2320154326522127,1
2021-12-31,1.02651,0.854428,0.507706,1.53099,1.11,2.54,3.33,4.58921,2266.92,0.1659234578717119,1
2022-01-07,1.06454,0.867776,0.533127,1.57717,1.24,2.63,4.0,4.54532,2311.93,0.1483405366806225,1
2022-01-14,1.11015,0.954557,0.541571,1.58489,1.22,2.77,4.0,4.5359,2383.16,0.1963503602855907,0
2022-01-21,1.07974,0.941212,0.524595,1.53099,1.14,2.85,4.0,4.53074,2273.81,0.1864456103359736,1
2022-01-28,1.07974,0.927867,0.541571,1.58489,1.17,2.99,4.0,4.58627,2183.7,0.2677598627506859,1
2022-02-04,1.09495,0.941212,0.550015,2.11571,1.24,3.11,3.95,4.56654,2174.57,0.2891234098609013,1
2022-02-11,1.08734,0.934535,0.583879,2.08497,1.47,3.3,3.95,4.56771,2203.13,0.26485429322212,0
2022-02-18,1.04931,0.901161,0.566903,1.9849,1.4,3.44,3.95,4.53177,2143.28,0.2833032462888307,0
2022-02-25,1.02651,0.834399,0.524595,1.83872,1.2,3.59,3.95,4.64053,1970.78,0.5729659777930407,0
2022-03-04,0.882036,0.674199,0.465398,1.63099,1.04,3.78,4.83,4.89675,1918.75,0.606336640566521,1
2022-03-11,0.935266,0.774325,0.490815,1.81571,1.05,4.22,4.83,4.78277,2033.49,0.6304347753957632,1
2022-03-18,1.00371,0.821053,0.524595,1.77717,1.06,4.4,4.83,4.71193,2099.26,0.6519810110871317,0
2022-03-25,0.973293,0.794356,0.51615,1.76953,1.02,4.6,4.83,4.68318,2115.58,0.3650396453676994,1
2022-04-01,1.04171,0.861102,0.541571,1.7849,1.14,4.84,5.96,4.6324,2164.81,0.2913634219560114,0
2022-04-08,0.988496,0.827726,0.524595,1.74644,1.09,5.32,5.96,4.6313,2085.07,0.2642636642062289,0
2022-04-15,0.958072,0.80103,0.533127,1.65486,1.07,5.54,5.96,4.64269,2093.17,0.1936833496981353,0
2022-04-22,0.950471,0.80103,0.533127,1.62335,1.05,5.74,5.96,4.65338,1973.31,0.2102674466844827,0
2022-04-29,0.827825,0.720928,0.482546,1.48938,0.92,6.05,5.96,4.6742,1858.12,0.1910788512527121,0
2022-05-06,0.777615,0.674199,0.430844,1.47363,0.84,6.33,6.64,4.71252,1765.14,0.1795555848111116,1
2022-05-13,0.768278,0.660849,0.448077,1.78883,0.85,6.41,6.64,4.69169,1765.63,0.243806202771745,0
2022-05-20,0.76525,0.680875,0.448077,1.77307,0.82,6.46,6.64,4.62622,1782.66,0.2675768462568742,1
2022-05-27,0.78367,0.680875,0.491162,1.80459,0.85,6.54,6.64,4.5726,1810.68,0.2809689351890383,0
2022-06-03,0.779379,0.674199,0.482546,1.78095,0.86,6.66,7.14,4.5868,1819.99,0.274831487312535,0
2022-06-10,0.730936,0.620798,0.448077,1.63911,0.78,6.77,7.14,4.61239,1725.18,0.2501690864174958,0
2022-06-17,0.708734,0.607448,0.43946,1.5997,0.74,6.88,7.14,4.67739,1676.67,0.2591253012195484,1
2022-06-24,0.729423,0.627473,0.448077,1.60759,0.75,6.98,7.14,4.68862,1682.33,0.2577426097549409,0
2022-07-01,0.693847,0.600772,0.422227,1.57607,0.73,7.05,6.37,4.6883,1688.85,0.259328754821185,1
2022-07-08,0.733996,0.607448,0.422227,1.52879,0.73,7.08,6.37,4.77882,1740.46,0.2963333532147688,0
2022-07-15,0.67994,0.554046,0.379142,1.38693,0.6,7.0,6.37,4.78541,1620.13,0.297261992674877,1
2022-07-22,0.699549,0.565606,0.387759,1.44211,0.66,7.0,6.37,4.74385,1701.73,0.2895812523819022,1
2022-07-29,0.699549,0.579746,0.396377,1.59183,0.69,7.01,6.37,4.73988,1721.11,0.3000995156242719,1
2022-08-05,0.686098,0.600956,0.404994,2.05677,0.69,7.02,5.8,4.70837,1652.14,0.2609910421865986,1
2022-08-12,0.726938,0.636306,0.430844,2.16708,0.8,7.03,5.8,4.65934,1735.07,0.2396979363621902,0
2022-08-19,0.816782,0.622166,0.413609,2.05677,0.77,7.04,5.8,4.74855,1673.4,0.2515615906511816,0
2022-08-26,0.775944,0.579746,0.387759,1.93856,0.72,7.07,5.8,4.7409,1602.81,0.2682048241890227,0
2022-09-02,0.767776,0.537325,0.396377,1.91492,0.68,7.15,6.28,4.72073,1505.75,0.3072871351818247,1
2022-09-09,0.800447,0.593885,0.404994,2.04888,0.78,7.15,6.28,4.69123,1534.68,0.3324424987613205,0
2022-09-16,0.784112,0.586816,0.422227,1.89916,0.8,7.15,6.28,4.71842,1501.91,0.3438314970229187,0
2022-09-23,0.75144,0.558535,0.404994,1.81247,0.72,7.15,6.28,4.76013,1457.78,0.3658747698712424,0
2022-09-30,0.718769,0.523185,0.396377,1.85188,0.64,7.21,6.28,4.85838,1377.91,0.3420688829596579,1
2022-10-07,0.735105,0.551466,0.404994,1.79672,0.62,7.19,7.82,4.85952,1405.21,0.3411111009481922,1
2022-10-14,0.743273,0.579746,0.404994,1.83612,0.6,7.31,7.82,4.8022,1397.23,0.3347217753743883,1
2022-10-21,0.800447,0.622166,0.422227,1.90703,0.73,7.43,7.82,4.77635,1411.62,0.3144753358430108,1
2022-10-28,0.849452,0.664586,0.423165,2.11981,0.81,7.48,7.82,4.71835,1508.7,0.2825095144266975,1
2022-11-04,0.849452,0.671656,0.440797,2.37197,0.84,7.59,7.24,4.68789,1601.27,0.2554534992545936,1
2022-11-11,0.890288,0.728217,0.414349,2.26165,1.18,7.5,7.24,4.67925,1690.38,0.2380255451752992,1
2022-11-18,0.906632,0.742357,0.414349,2.25377,1.18,7.4,7.24,4.69862,1707.23,0.2447641933573847,1
2022-11-25,0.931131,0.763564,0.458429,2.26165,1.19,7.31,7.24,4.69248,1755.69,0.244799144932316,0
2022-12-02,0.931131,0.749428,0.449613,2.3247,1.15,7.24,6.61,4.67839,1733.46,0.259424014625809,0
2022-12-09,0.922968,0.735287,0.449613,2.15133,1.04,7.16,6.61,4.68851,1730.16,0.2279185497561328,0
2022-12-16,0.931131,0.742357,0.440797,2.09617,1.04,7.06,6.61,4.68649,1741.3,0.198724143212049,1
2022-12-23,0.963801,0.756496,0.449613,2.29318,1.11,7.04,6.61,4.64259,1780.27,0.1717736526574438,1
2022-12-30,0.97197,0.763564,0.458429,2.27742,1.09,7.02,6.61,4.68908,1792.01,0.1684516677358927,1
2023-01-06,1.06999,0.834267,0.484877,2.46654,1.24,6.99,6.02,4.6879,1856.05,0.1656253151427284,1
2023-01-13,1.13533,0.897895,0.502509,2.47442,1.27,6.92,6.02,4.69453,1923.44,0.1927168296843962,0
2023-01-20,1.09449,0.848408,0.502509,2.3641,1.22,6.92,6.02,4.70645,1892.32,0.1873781311458173,0
2023-01-27,1.03732,0.813055,0.511324,2.37197,1.17,6.94,6.02,4.7084,1911.5,0.1970311878299579,1
2023-02-03,1.05364,0.827196,0.581851,2.38774,1.18,6.92,6.18,4.71837,1906.13,0.204067329784901,0
2023-02-10,1.03732,0.813055,0.573036,2.3641,1.14,6.93,6.18,4.77835,1848.04,0.2009529257957748,1
2023-02-17,1.02915,0.813055,0.581851,2.33258,1.19,6.93,6.18,4.75667,1859.26,0.1927237267339537,0
2023-02-24,0.988307,0.777707,0.581851,2.29318,1.17,6.94,6.18,4.71964,1807.31,0.1893448029012083,0
2023-03-03,0.996475,0.721147,0.634748,2.34834,1.06,6.95,6.14,4.70826,1841.85,0.1991180573547017,0
2023-03-10,0.857619,0.699937,0.599483,2.37197,1.02,6.93,6.14,4.67914,1799.58,0.1916527045084834,0
2023-03-17,0.759608,0.629237,0.528956,2.1986,0.91,6.9,6.14,4.70318,1678.16,0.2272579706822491,0
2023-03-24,0.767776,0.643376,0.520141,1.73368,0.92,6.9,6.14,4.68869,1670.18,0.2364987669248041,1
2023-03-31,0.824951,0.699937,0.555405,1.79672,1.02,6.89,6.14,4.67907,1758.56,0.2492777018571995,1
2023-04-07,0.824951,0.699937,0.56422,1.78883,1.08,6.9,6.07,4.68598,1754.24,0.2379928863450936,1
2023-04-14,0.89846,0.763564,0.590668,1.81247,1.19,6.9,6.07,4.64432,1854.27,0.2003739660114788,1
2023-04-21,0.939295,0.791851,0.581851,1.78095,1.22,6.9,6.07,4.61272,1900.63,0.1829322965955536,0
2023-04-28,0.922968,0.707007,0.520747,1.74155,1.11,6.9,6.07,4.58643,1923.09,0.2002054897198286,0
2023-05-05,0.89846,0.699937,0.51177,1.75731,1.1,6.9,5.93,4.57191,1912.37,0.1972479209616977,0
2023-05-12,0.906632,0.707007,0.520747,1.50515,1.12,6.9,5.93,4.51898,1939.03,0.1827879968783562,1
2023-05-19,0.865794,0.749428,0.529728,1.56818,1.17,6.9,5.93,4.54025,1992.31,0.1934714284842226,1
2023-05-26,0.882124,0.763564,0.520747,1.55242,1.21,6.9,5.93,4.53139,1984.12,0.2221415797803814,1
2023-06-02,0.89846,0.770639,0.51177,1.56031,1.23,6.9,5.91,4.48925,2018.09,0.259716040682982,1
2023-06-09,0.931131,0.798919,0.520747,1.53666,1.27,6.9,5.91,4.43935,2050.99,0.2647891206972394,1
2023-06-16,0.939295,0.827196,0.529728,1.5997,1.29,6.9,5.91,4.46445,2108.05,0.2774256969458041,0
2023-06-23,0.914796,0.798919,0.502792,1.57607,1.24,6.9,5.91,4.4385,2035.0,0.2649269560612771,1
2023-06-30,0.939295,0.820131,0.547683,1.71003,1.3,6.9,5.91,4.43627,2060.38,0.216887826901865,0
2023-07-07,0.955642,0.824984,0.51177,1.67851,1.34,6.9,5.56,4.45368,2035.57,0.1913879084304509,1
2023-07-14,1.01281,0.869579,0.565641,1.84399,1.44,6.83,5.56,4.45411,2127.08,0.1932401867260078,1
2023-07-21,1.02915,0.877013,0.565641,1.84399,1.46,6.76,5.56,4.46186,2155.56,0.1728144409132605,1
2023-07-28,1.05364,0.914169,0.574619,1.78095,1.53,6.72,5.56,4.41145,2189.24,0.1620283478146429,0
2023-08-04,1.04876,0.882215,0.559355,1.58158,1.472,6.71,5.59,4.43356,2169.73,0.1555626635827518,0
2023-08-11,1.01444,0.844307,0.566539,1.53587,1.415,6.72,5.59,4.43313,2105.31,0.1622881807048152,0
2023-08-18,0.956455,0.795998,0.542297,1.53745,1.323,6.69,5.59,4.45945,2014.55,0.1704049167814167,0
2023-08-25,0.921328,0.799714,0.549478,1.47125,1.305,6.67,5.59,4.4689,2000.42,0.1527892860803519,1
2023-09-01,0.939295,0.819782,0.548581,1.52327,1.35,6.67,5.68,4.46716,2050.94,0.1730934069179671,0
2023-09-08,0.873138,0.751404,0.533318,1.55006,1.257,6.01,5.68,4.61809,1943.99,0.1709423926548865,1
2023-09-15,0.882124,0.76404,0.548581,1.52327,1.286,5.8,5.68,4.64571,1975.05,0.1601596973725299,0
2023-09-22,0.858441,0.745458,0.537808,1.45234,1.23,5.79,5.68,4.60282,1949.25,0.1956077861174926,1
2023-09-29,0.86171,0.758837,0.570129,1.42397,1.246,5.77,5.68,4.61787,1915.6,0.1911852014073185,1
2023-10-06,0.900911,0.795255,0.565641,1.41925,1.318,5.7,5.84,4.57639,1870.43,0.1788163334917937,1
2023-10-13,0.958913,0.840593,0.551274,1.52957,1.423,5.68,5.84,4.53296,1974.56,0.2205640303774381,1
2023-10-20,0.992391,0.875525,0.543194,1.60128,1.512,5.67,5.84,4.46275,2028.92,0.2890091816997789,1
2023-10-27,1.04303,0.944647,0.541399,1.62178,1.593,5.65,5.84,4.46538,2103.73,0.2846629557487963,1
2023-11-03,1.08061,0.963973,0.559645,1.55952,1.639,5.64,5.54,4.45844,2177.29,0.2581746136209583,0
2023-11-10,0.984232,0.891874,0.566997,1.6068,1.624,5.76,5.54,4.4275,2141.09,0.2632626980209457,1
2023-11-17,1.07162,0.955794,0.590888,1.61389,1.734,5.81,5.54,4.38524,2228.28,0.2297847626642777,0
2023-11-24,1.04549,0.948356,0.58905,1.65408,1.722,5.83,5.54,4.36818,2228.01,0.2132549932642135,1
2023-12-01,1.11409,1.01822,0.595484,1.68166,1.78,5.84,5.21,4.32312,2285.98,0.2410349673567405,1
2023-12-08,1.11327,1.01674,0.623052,1.78962,1.737,5.85,5.21,4.33773,2306.05,0.2246389693800183,0
2023-12-15,1.10428,1.00633,0.612025,1.74549,1.646,5.82,5.21,4.33437,2320.45,0.1540668680149421,1
2023-12-22,1.13043,1.04274,0.601916,1.76283,1.7,5.88,5.21,4.33601,2346.7,0.1498649135571625,0
2023-12-29,1.13124,1.04721,0.604673,1.72895,1.66,5.88,5.21,4.34371,2342.99,0.1422739615499095,0
2024-01-05,1.11818,1.016,0.617538,1.67457,1.631,5.87,5.24,4.35146,2274.59,0.1118535141887718,1
2024-01-12,1.11082,1.01822,0.601916,1.74234,1.634,5.86,5.24,4.35942,2248.58,0.1080911641884292,0
2024-01-19,1.119,0.990718,0.584456,1.69506,1.549,5.86,5.24,4.35324,2200.91,0.1270911774617997,1
2024-01-26,1.13689,1.01971,0.577104,1.74234,1.572,5.86,5.24,4.36894,2223.47,0.1295903625403718,1
2024-02-02,1.23498,1.1022,0.614783,1.94487,1.735,5.85,5.36,4.31565,2350.44,0.1629444205850806,0
2024-02-09,1.20312,1.08809,0.561482,1.85739,1.695,5.86,5.36,4.32617,2309.39,0.1672786269290044,1
2024-02-16,1.24252,1.1245,0.566077,1.90389,1.953,5.88,5.36,4.34037,2371.05,0.1748897201770332,1
2024-02-23,1.30373,1.11855,0.584456,2.04258,2.119,5.85,5.36,4.30526,2476.82,0.1821179937558048,1
2024-03-01,1.29787,1.11262,0.592727,2.10326,2.124,5.85,5.4,4.31522,2424.7,0.1797548411675938,0
2024-03-08,1.23582,1.07471,0.610188,2.07647,2.127,5.86,5.4,4.30165,2351.65,0.1904491198661469,1
2024-03-15,1.28194,1.12079,0.623052,1.99372,2.238,5.85,5.4,4.30219,2350.97,0.1960968440101052,1
2024-03-22,1.33475,1.14161,0.669,1.9756,2.279,5.86,5.4,4.32142,2377.69,0.2068086365936616,1
2024-03-29,1.37499,1.16985,0.690137,2.07962,2.289,5.88,5.4,4.30633,2436.05,0.223833274324141,1
2024-04-05,1.39595,1.20105,0.696569,2.11351,2.291,5.86,5.67,4.27977,2470.75,0.2188892251840171,0
2024-04-12,1.33894,1.16092,0.675433,2.10089,2.125,5.86,5.67,4.28797,2446.16,0.2157239755097558,1
2024-04-19,1.36995,1.18768,0.682784,2.0535,2.1,5.86,5.67,4.3106,2464.04,0.2223088837953323,1
2024-04-26,1.42949,1.2388,0.737922,2.11453,2.096,5.87,5.67,4.31827,2479.1,0.1965364445985887,0
2024-05-03,1.39176,1.19828,0.710494,2.14854,2.122,5.86,5.67,4.3259,2470.52,0.1983910385951284,0
2024-05-10,1.26601,1.12965,0.734864,1.93229,1.992,5.86,5.67,4.30571,2523.05,0.2182619223679597,0
2024-05-17,1.2551,1.10815,0.747986,1.89305,1.96,5.85,5.67,4.26079,2574.96,0.1788977297289177,0
2024-05-24,1.27606,1.08747,0.722679,1.89916,1.904,5.85,5.67,4.25154,2528.8,0.1703494161605064,1
2024-05-31,1.30541,1.09656,0.740488,1.93229,1.89,5.85,5.67,4.27441,2485.53,0.167818991881964,0
2024-06-07,1.25258,1.06431,0.732989,1.86341,1.816,5.85,5.73,4.31488,2428.84,0.1580238899196962,0
2024-06-14,1.26013,1.06762,0.677687,1.80498,1.767,5.85,5.73,4.37897,2413.73,0.1692128001110682,1
2024-06-21,1.33307,1.11145,0.664564,1.91922,1.829,5.85,5.73,4.32622,2489.91,0.1883256203146481,1
2024-06-28,1.38421,1.15115,0.668314,1.97763,1.924,5.85,5.73,4.31122,2561.27,0.1874908400134486,0
2024-07-05,1.34313,1.13709,0.66925,1.93229,1.881,5.85,5.65,4.28277,2518.89,0.1620338100182767,1
2024-07-12,1.34816,1.16686,0.66925,1.96804,1.943,5.86,5.65,4.25258,2566.19,0.139398103500117,0
2024-07-19,1.32301,1.12137,0.672063,1.90264,1.937,5.86,5.65,4.28713,2476.38,0.1887805463675717,0
2024-07-26,1.30121,1.1007,0.685185,1.88346,1.86,5.86,5.65,4.27415,2407.15,0.1755685678553523,0
2024-08-02,1.22911,1.03868,0.615824,1.8015,1.693,5.85,5.28,4.29229,2339.16,0.2003528301911518,1
2024-08-09,1.20072,1.11559,0.627071,2.12064,1.632,5.86,5.28,4.31891,2258.52,0.2154085337208375,1
2024-08-16,1.3118,1.23467,0.631759,2.23312,1.815,5.86,5.28,4.26281,2421.06,0.2556284851331078,1
2024-08-23,1.35324,1.22971,0.657066,2.18516,1.822,5.85,5.28,4.2649,2401.25,0.25760368223864,1
2024-08-30,1.35852,1.21896,0.686123,2.23312,1.862,5.85,5.28,4.28204,2412.16,0.2373272065124982,0
2024-09-06,1.3215,1.16355,0.663628,2.04914,1.76,5.86,5.31,4.28232,2318.2,0.2327519589127078,1
2024-09-13,1.34266,1.16934,0.671126,2.10058,1.858,5.85,5.31,4.28048,2336.62,0.195666945228856,1
2024-09-20,1.30828,1.14619,0.699245,2.06483,1.911,5.85,5.31,4.2696,2279.98,0.214754864898996,1
2024-09-27,1.36735,1.17347,0.70112,2.12064,1.838,5.85,5.31,4.27648,2382.95,0.233716032497311,0
2024-10-04,1.26948,1.09326,0.673937,2.04914,1.698,5.85,5.6,4.31698,2291.53,0.2198617648600114,1
2024-10-11,1.36558,1.16189,0.694559,2.1407,1.778,5.87,5.6,4.29116,2333.75,0.1998607508485113,0
2024-10-18,1.355,1.14867,0.703932,2.12064,1.787,5.85,5.6,4.30573,2303.33,0.189468321440721,0
2024-10-25,1.31356,1.11394,0.700183,2.04477,1.682,5.85,5.6,4.34794,2245.25,0.1712327238110946,0
2024-11-01,1.31003,1.07837,0.696077,1.73697,1.558,5.85,5.66,4.36313,2205.47,0.1796988994615687,1
2024-11-08,1.30122,1.09822,0.681696,1.77185,1.619,5.84,5.66,4.32718,2298.3,0.219625261524092,0
2024-11-15,1.23157,1.0147,0.7095,1.76487,1.548,5.85,5.66,4.31717,2188.75,0.2423906998512478,0
2024-11-22,1.1875,0.987402,0.671149,1.71255,1.554,5.85,5.66,4.33579,2194.06,0.254030008197136,0
2024-11-29,1.22099,0.960941,0.671149,1.65326,1.47,5.85,5.66,4.29515,2191.12,0.2317699625098362,1
2024-12-06,1.33208,1.05356,0.71717,1.74046,1.542,5.87,5.73,4.26657,2310.0,0.22008272488848,1
2024-12-13,1.33472,1.02958,0.723882,1.73697,1.564,5.86,5.73,4.2622,2273.12,0.182287112272314,0
2024-12-20,1.30298,0.982447,0.672108,1.76487,1.516,5.85,5.73,4.26001,2200.39,0.1720431551118783,0
2024-12-27,1.30651,0.982447,0.651974,1.69512,1.522,5.85,5.73,4.27088,2204.19,0.1714371703495511,1
2025-01-03,1.31709,0.994849,0.665396,1.75441,1.531,5.84,5.94,4.26841,2237.57,0.1806282168631633,1
2025-01-10,1.32679,1.03785,0.682654,1.86602,1.565,5.83,5.94,4.26559,2257.16,0.146998462336156,1
2025-01-17,1.32855,1.03372,0.713335,1.85207,1.57,5.85,5.94,4.26134,2307.26,0.1785500815173064,1
2025-01-24,1.42641,1.09326,0.735388,1.94711,1.659,5.88,5.94,4.21124,2378.78,0.1514667432898344,1
2025-01-31,1.46167,1.13543,0.744017,1.98897,1.746,5.86,5.94,4.2191,2433.77,0.1435438455020202,1
2025-02-07,1.47401,1.16438,0.81305,2.11802,1.853,5.86,5.83,4.19324,2488.16,0.1815820823225848,1
2025-02-14,1.53485,1.22061,0.848524,2.03082,1.964,5.87,5.83,4.15957,2575.77,0.1606769001032987,1
2025-02-21,1.54983,1.24046,0.872494,2.04129,2.052,5.87,5.83,4.16337,2618.17,0.1972320612627203,0
2025-02-28,1.50927,1.15694,0.920434,2.06571,2.052,5.86,5.83,4.19529,2579.52,0.2284552134325512,1
2025-03-07,1.59479,1.19415,0.917557,2.16336,1.831,5.85,5.86,4.1728,2642.59,0.2792915674573588,1
2025-03-14,1.64328,1.25204,0.916599,2.1407,1.902,5.86,5.86,4.18583,2754.38,0.3078369442245346,0
2025-03-21,1.60096,1.20407,0.959743,2.08489,1.959,5.85,5.86,4.19427,2725.07,0.2947218738288964,1
2025-03-28,1.61331,1.22805,0.936733,2.14767,1.998,5.86,5.86,4.18021,2747.7,0.2812523412103612,0
2025-04-04,1.34707,1.05935,0.797709,1.90264,1.705,5.69,5.3,4.27061,2467.99,0.3541077335656344,1
2025-04-11,1.39996,1.12303,0.825514,2.02472,1.762,5.58,5.3,4.28054,2529.25,0.398799736634354,1
2025-04-18,1.48723,1.20159,0.880165,2.12761,1.9,5.49,5.3,4.27828,2643.52,0.4164489269776996,1
2025-04-25,1.60273,1.30414,0.949197,2.24009,2.068,5.42,5.3,4.27265,2793.7,0.4299108032871858,0
2025-05-02,1.57804,1.21069,0.915821,2.22005,2.068,5.36,5.41,4.27711,2811.07,0.4371009224811656,1
2025-05-09,1.6468,1.26214,0.958735,2.0132,2.039,5.19,5.41,4.23283,2842.14,0.3243036006476091,0
2025-05-16,1.53572,1.28596,0.9997,1.98776,2.025,5.25,5.41,4.26602,2810.35,0.2396186691475192,0
2025-05-23,1.4749,1.2484,1.00945,1.96798,1.973,5.22,5.41,4.25711,2716.88,0.2126790107164462,1
2025-05-30,1.49781,1.30428,1.03676,1.94537,2.044,5.22,5.41,4.24938,2771.86,0.2076788952822201,0
2025-06-06,1.37351,1.21451,1.02798,1.88319,1.931,5.21,5.53,4.29038,2699.85,0.1714326586251905,0
2025-06-13,1.39996,1.25024,0.973365,1.89638,1.913,5.22,5.53,4.27319,2707.86,0.2059725303852778,1
2025-06-20,1.40349,1.24291,0.986044,2.00378,1.878,5.22,5.53,4.26748,2735.44,0.2000891652553751,1
2025-06-27,1.46696,1.28779,0.990925,2.01037,1.931,5.24,5.53,4.24129,2815.66,0.2076118312138383,1
2025-07-04,1.53043,1.33358,1.01725,2.03298,1.963,5.07,5.34,4.24345,2864.98,0.2048758106096568,1
2025-07-11,1.54983,1.30885,1.02994,2.06218,1.923,5.03,5.34,4.26409,2860.93,0.188712699069163,1
2025-07-18,1.63622,1.39953,1.04456,2.10175,2.13,4.99,5.34,4.24503,2964.25,0.1886760350284441,1
2025-07-25,1.63887,1.43342,1.0904,2.15639,2.188,4.96,5.34,4.24942,2962.94,0.1431917202867172,0
2025-08-01,1.61506,1.41235,1.04456,2.29582,1.887,4.93,5.4,4.27233,2884.84,0.1818234698630099,1
2025-08-08,1.78212,1.71461,1.14405,2.38625,2.096,4.91,5.4,4.24614,3022.19,0.199169332749414,1
2025-08-15,1.89463,1.62668,1.18599,2.36176,2.161,4.88,5.4,4.25864,2949.71,0.2099793530353735,0
2025-08-22,1.67245,1.46914,1.20354,2.24683,2.005,4.85,5.4,4.26107,2880.55,0.264421123472671,0
2025-08-29,1.61573,1.41419,1.17135,2.12248,1.914,4.82,5.4,4.26304,2793.76,0.2569898086117291,0
2025-09-05,1.6214,1.39037,1.17038,2.13566,1.912,4.75,5.47,4.24993,2805.02,0.2284045532589857,1
2025-09-12,1.63558,1.38579,1.21427,2.1432,1.941,4.73,5.47,4.25466,2836.58,0.2401709120174044,1
2025-09-19,1.59776,1.37846,1.24743,2.13566,1.994,4.74,5.47,4.26243,2802.69,0.1722353794494634,1
2025-09-26,1.60438,1.36381,1.29229,2.13284,1.968,4.72,5.47,4.26751,2832.26,0.1606936516080146,1
2025-10-03,1.67623,1.39862,1.26986,2.13943,2.027,4.7,5.4,4.25285,2862.96,0.1473534313956802,1
2025-10-10,1.6838,1.42426,1.25524,2.13284,2.037,4.54,5.4,4.26447,2873.04,0.1145963919743584,0
2025-10-17,1.6942,1.42701,1.19378,2.10835,1.991,4.5,5.4,4.24093,2872.02,0.1231406692699122,1
2025-10-24,1.75281,1.47555,1.19378,2.19125,2.142,4.47,5.4,4.2434,2981.19,0.1309016172719797,0
2025-10-31,1.72256,1.37205,1.26483,2.19502,2.042,4.46,5.4,4.25523,2987.33,0.1569489358576857,0
2025-11-07,1.61005,1.39678,1.30238,2.06972,2.133,4.3,5.28,4.2395,2970.61,0.1648861365465655,1
2025-11-14,1.61194,1.38213,1.34981,2.13095,2.199,4.27,5.28,4.22551,2990.37,0.1567603194827249,0
2025-11-21,1.57696,1.38854,1.27471,2.1432,2.119,4.23,5.28,4.23845,2921.08,0.1726851741308222,1
2025-11-28,1.65543,1.44808,1.34388,2.22045,2.136,4.22,5.28,4.23596,3001.96,0.1722250606772932,0
2025-12-05,1.65354,1.41785,1.39428,2.15356,2.087,4.07,5.21,4.23062,2950.3,0.1660457658229671,1
2025-12-12,1.7358,1.49296,1.41799,2.14697,2.113,4.06,5.21,4.22404,3079.15,0.1687308000284195,1
2025-12-19,1.79914,1.50669,1.46444,2.19502,2.199,4.02,5.21,4.20528,3146.48,0.1425798453911947,0
2025-12-26,1.80576,1.48105,1.4595,2.18842,2.206,4.0,5.21,4.21614,3155.57,0.1416181820214959,1
2026-01-02,1.88044,1.52959,1.46839,2.23647,2.288,3.97,5.1,4.20863,3262.48,0.1553567489678394,0
2026-01-09,1.86815,1.52593,1.47234,2.28451,2.182,3.95,5.1,4.21183,3275.88,0.1782990921352923,0
2026-01-16,1.85397,1.50853,1.51384,2.28451,2.109,3.94,5.1,4.2202,3283.42,0.1760075123758298,1
2026-01-23,1.88801,1.50944,1.51483,2.3448,2.087,3.92,5.1,4.20786,3299.55,0.1882757741032193,1
2026-01-30,1.97971,1.56989,1.56029,2.48235,2.161,3.9,5.1,4.21132,3360.09,0.1947537525061087,1
2026-02-06,1.992,1.66698,1.50199,2.6425,2.215,3.88,4.99,4.21828,3392.41,0.1843007959190637,0
2026-02-13,1.9107,1.60836,1.42293,2.59822,2.107,3.86,4.99,4.20994,3359.49,0.198042314035057,1
2026-02-20,1.95419,1.58088,1.51286,2.66511,2.19,3.82,4.99,4.22191,3383.82,0.1870630830096901,0
2026-02-27,1.97688,1.53875,1.51878,2.61423,2.053,3.8,4.99,4.22189,3440.02,0.196865698781793,0
2026-03-06,1.80859,1.41968,1.33795,2.20538,1.861,3.77,5.58,4.27051,3262.33,0.2568043953287882,1
2026-03-13,1.74714,1.42701,1.3508,2.23081,1.921,3.83,5.58,4.27904,3274.54,0.2568922133973543,1
2026-03-20,1.72067,1.43708,1.3093,2.25437,2.069,3.83,5.58,4.27605,3248.12,0.2671500641305022,1
2026-03-27,1.74052,1.45998,1.32906,2.28263,2.149,3.86,5.58,4.28369,3268.55,0.2663817013385309,1
2026-04-03,1.81805,1.52868,1.38736,2.40321,2.302,3.85,5.58,4.27822,3433.65,0.2073293689585672,1
2026-04-10,2.0043,1.6853,1.48815,2.61141,2.543,3.84,5.58,4.24879,3596.84,0.2134210857868249,1
2026-04-17,2.06008,1.72652,1.54546,2.67641,2.552,3.87,5.58,4.22325,3700.6,0.2025722768999304,0
2026-04-24,1.95041,1.60378,1.43973,2.538,2.3,3.84,5.58,4.24101,3556.91,0.1892119887151702,0
2026-05-01,1.91164,1.53875,1.431,2.391,2.267,3.84,5.74,4.2445,3487.99,0.183574064172879,1
2026-05-08,1.91164,1.5415,1.44,2.471,2.187,3.84,5.74,4.23804,3535.94,0.1739024769655085,1
2026-05-15,1.92393,1.54699,1.396,2.533,2.325,3.86,5.74,4.24825,3545.38,0.2172670133562531,1
2026-05-22,2.00997,1.58913,1.46,2.58,2.304,3.86,5.74,4.2383,3641.19,0.2356908639911772,1
2026-05-29,2.03266,1.61386,1.486,2.775,2.438,3.86,5.74,4.23038,3686.96,0.2431231308355821,0
2026-06-05,1.94001,1.54058,1.486,2.742,2.423,3.85,5.51,4.24384,3607.79,0.2400749471845057,1
2026-06-12,2.0648,1.661,1.512,2.977,2.695,3.86,5.51,4.24487,3713.88,0.2180132111155208,1
2026-06-19,2.07804,1.715,1.652,2.906,2.733,3.84,5.51,4.25788,3678.84,0.1938318903036896,0
2026-06-26,2.04495,1.667,1.629,2.816,2.615,3.86,5.51,4.28893,3572.3,0.1977943406699717,1
2026-07-03,2.07709,1.699,1.726,2.868,2.675,3.83,5.5,4.28914,3674.68,0.1841993854572476,1
2026-07-10,2.22741,1.78,1.681,2.994,2.725,3.85,5.5,4.32949,3769.5,0.181662474816647,0
2026-07-17,2.10735,1.668,1.628,2.821,2.605,3.82,5.5,4.33869,3766.41,0.1623749068055058,0
2026-07-24,2.10356,1.703,1.589,2.73,2.484,3.79,5.5,4.31711,3826.08,0.1357521645599753,1
2026-07-31,2.20851,1.96,1.667,2.929,2.462,3.82,5.5,4.30807,3920.26,0.1346762220973582,1
2026-08-07,2.275,2.019,1.727,2.942,2.577,3.84,5.5,4.29775,4000.25,0.1256208288473364,1
2026-08-14,2.483,2.069,1.733,2.959,2.606,3.83,5.5,4.307,4032.0,0.1284626776752091,0
2026-08-21,2.548,2.066,1.721,2.945,2.524,3.83,5.5,4.31412,3995.19,0.142124472024347,0
2026-08-28,2.537,2.04,1.749,2.929,2.466,3.83,5.5,4.34023,3993.7,0.1554922845104301,1
2026-09-04,2.613,2.107,1.768,2.943,2.565,3.8,5.5,4.31196,4090.27,0.1529269889959065,1
2026-09-11,2.694,2.134,1.72,2.949,2.666,3.84,5.5,4.32377,4139.25,0.1527423805621764,0
